gene_id,variant_id,pair_id,FDR,beta,region
ENSG00000142856.16,chr1:63523233:G:A,ENSG00000142856.16_chr1:63523233:G:A,6.63235248793929e-161,0.488551057075845,DLPFC
ENSG00000164308.16,chr5:96916728:G:A,ENSG00000164308.16_chr5:96916728:G:A,1.00937686442489e-156,0.432062881757006,DLPFC
ENSG00000256274.1,chr12:11034470:A:C,ENSG00000256274.1_chr12:11034470:A:C,3.4171839573936e-141,-0.614169749565792,DLPFC
ENSG00000255374.3,chr12:11055785:C:G,ENSG00000255374.3_chr12:11055785:C:G,4.25516826606906e-134,-0.734036327113754,DLPFC
ENSG00000121716.19,chr7:100297686:C:G,ENSG00000121716.19_chr7:100297686:C:G,3.8334698477341e-124,0.548749315355995,DLPFC
ENSG00000167553.14,chr12:49132101:A:G,ENSG00000167553.14_chr12:49132101:A:G,8.63578841221023e-124,0.904345365068725,DLPFC
ENSG00000166435.15,chr11:74858894:G:A,ENSG00000166435.15_chr11:74858894:G:A,2.07359217091025e-121,0.500574050296727,DLPFC
ENSG00000163576.17,chr3:19946047:G:T,ENSG00000163576.17_chr3:19946047:G:T,1.20681257075592e-119,0.528577762396453,DLPFC
ENSG00000197020.10,chr19:21725251:C:T,ENSG00000197020.10_chr19:21725251:C:T,2.21384059332405e-118,0.316674747288192,DLPFC
ENSG00000225231.1,chr12:9943487:G:C,ENSG00000225231.1_chr12:9943487:G:C,1.25345347555341e-105,1.59524639344075,DLPFC
ENSG00000197728.9,chr12:56007301:G:A,ENSG00000197728.9_chr12:56007301:G:A,1.38289257417734e-102,-0.498694920225219,DLPFC
ENSG00000128944.13,chr15:40358234:C:T,ENSG00000128944.13_chr15:40358234:C:T,1.86496275755948e-100,0.472618184163486,DLPFC
ENSG00000136982.5,chr8:119852600:A:C,ENSG00000136982.5_chr8:119852600:A:C,1.24873620031642e-98,-0.380261843163677,DLPFC
ENSG00000272865.1,chr1:242148188:A:G,ENSG00000272865.1_chr1:242148188:A:G,1.23436861323643e-96,0.857450183169278,DLPFC
ENSG00000198468.7,chr1:212841880:A:G,ENSG00000198468.7_chr1:212841880:A:G,2.25044809948241e-93,0.216893804363358,DLPFC
ENSG00000232229.5,chr10:89836670:G:C,ENSG00000232229.5_chr10:89836670:G:C,9.37199423656156e-89,0.459843494755612,DLPFC
ENSG00000226686.7,chr19:37306676:C:T,ENSG00000226686.7_chr19:37306676:C:T,2.6368737025428e-88,0.513289177899486,DLPFC
ENSG00000214425.7,chr17:45910839:A:G,ENSG00000214425.7_chr17:45910839:A:G,2.14987413211495e-86,-0.790259635879355,DLPFC
ENSG00000187624.8,chr17:409513:A:G,ENSG00000187624.8_chr17:409513:A:G,1.16793776645883e-83,0.253155014364167,DLPFC
ENSG00000233885.7,chr3:183817306:C:T,ENSG00000233885.7_chr3:183817306:C:T,2.26232619281927e-83,0.24328831387595,DLPFC
ENSG00000281501.1,chr4:25157768:A:T,ENSG00000281501.1_chr4:25157768:A:T,2.69261709432753e-83,-0.361317446893273,DLPFC
ENSG00000230658.1,chr7:23082821:C:A,ENSG00000230658.1_chr7:23082821:C:A,1.57895080992198e-82,0.220551053437373,DLPFC
ENSG00000183346.6,chr10:61663118:A:G,ENSG00000183346.6_chr10:61663118:A:G,1.62233385884686e-82,0.52532452670793,DLPFC
ENSG00000234171.2,chr2:3561166:T:C,ENSG00000234171.2_chr2:3561166:T:C,7.34871509884555e-82,-0.370829066939601,DLPFC
ENSG00000245832.6,chr11:82711904:T:C,ENSG00000245832.6_chr11:82711904:T:C,8.83656986736706e-82,0.616834302190477,DLPFC
ENSG00000240344.8,chr2:200877622:C:T,ENSG00000240344.8_chr2:200877622:C:T,9.2596124184485e-81,-0.210387800003479,DLPFC
ENSG00000254031.5,chr8:70768120:T:G,ENSG00000254031.5_chr8:70768120:T:G,4.74942152772408e-80,0.313423385471677,DLPFC
ENSG00000120675.5,chr13:43023570:C:T,ENSG00000120675.5_chr13:43023570:C:T,7.89367010751868e-80,-0.292232477071669,DLPFC
ENSG00000254860.5,chr11:8964501:C:A,ENSG00000254860.5_chr11:8964501:C:A,1.32546035690304e-77,0.349171556166001,DLPFC
ENSG00000106733.20,chr9:75092384:A:T,ENSG00000106733.20_chr9:75092384:A:T,7.76419165459184e-76,-0.296194781670563,DLPFC
ENSG00000225470.6,chrX:73783706:A:C,ENSG00000225470.6_chrX:73783706:A:C,7.46026569123394e-75,-0.189160443566072,DLPFC
ENSG00000242110.7,chr5:34004602:C:T,ENSG00000242110.7_chr5:34004602:C:T,3.34663451519739e-74,0.1506638750009,DLPFC
ENSG00000278879.1,chr11:74858894:G:A,ENSG00000278879.1_chr11:74858894:G:A,1.54730087154389e-72,0.379002123036096,DLPFC
ENSG00000223768.1,chr21:45291559:T:A,ENSG00000223768.1_chr21:45291559:T:A,3.16992438022151e-72,-0.474018029452484,DLPFC
ENSG00000215447.7,chr21:45291559:T:A,ENSG00000215447.7_chr21:45291559:T:A,1.0927547743197e-71,-0.395940479475603,DLPFC
ENSG00000259683.1,chr15:84592552:C:T,ENSG00000259683.1_chr15:84592552:C:T,5.63002223487021e-71,0.647178810137209,DLPFC
ENSG00000111788.10,chr12:9278806:C:T,ENSG00000111788.10_chr12:9278806:C:T,8.86426513050289e-69,-0.40156751629769,DLPFC
ENSG00000167720.12,chr17:2304032:G:A,ENSG00000167720.12_chr17:2304032:G:A,1.69135275559483e-67,-0.21067226938731,DLPFC
ENSG00000135778.11,chr1:232935057:T:C,ENSG00000135778.11_chr1:232935057:T:C,1.88484573140477e-64,0.224864639386325,DLPFC
ENSG00000274627.1,chr16:89507758:C:G,ENSG00000274627.1_chr16:89507758:C:G,1.25309933655382e-63,0.18355625140009,DLPFC
ENSG00000258289.8,chr14:64911402:G:A,ENSG00000258289.8_chr14:64911402:G:A,1.40514300826133e-63,0.220987503268741,DLPFC
ENSG00000198496.10,chr17:43127753:A:G,ENSG00000198496.10_chr17:43127753:A:G,2.91558684625397e-60,-0.209973465025999,DLPFC
ENSG00000270127.2,chr15:100553922:T:C,ENSG00000270127.2_chr15:100553922:T:C,4.01088868930174e-60,-0.290520604248358,DLPFC
ENSG00000263335.1,chr16:15727006:C:T,ENSG00000263335.1_chr16:15727006:C:T,1.23083909722847e-59,0.473147105448594,DLPFC
ENSG00000260671.2,chr16:87730661:A:T,ENSG00000260671.2_chr16:87730661:A:T,3.08200364755704e-59,0.558123183830251,DLPFC
ENSG00000181798.2,chr2:231514081:C:T,ENSG00000181798.2_chr2:231514081:C:T,1.96025321097419e-58,-0.304215225003123,DLPFC
ENSG00000178201.4,chr19:57449823:A:T,ENSG00000178201.4_chr19:57449823:A:T,7.11994170373939e-58,-0.229243952920527,DLPFC
ENSG00000172803.17,chr11:65828226:G:A,ENSG00000172803.17_chr11:65828226:G:A,8.50351704983968e-57,0.257014078920536,DLPFC
ENSG00000226864.2,chr10:121928637:A:T,ENSG00000226864.2_chr10:121928637:A:T,2.01194906025444e-56,-0.459025797074353,DLPFC
ENSG00000230453.9,chr9:33513305:G:C,ENSG00000230453.9_chr9:33513305:G:C,2.40919632899995e-56,0.224475570969508,DLPFC
ENSG00000162600.11,chr1:58509738:C:T,ENSG00000162600.11_chr1:58509738:C:T,6.70551435771274e-56,-0.235449453579434,DLPFC
ENSG00000251372.5,chr4:138309666:C:A,ENSG00000251372.5_chr4:138309666:C:A,1.81055329656192e-55,0.8865828664393,DLPFC
ENSG00000186468.12,chr5:82273115:G:A,ENSG00000186468.12_chr5:82273115:G:A,2.3857573870252e-55,-0.222205052072336,DLPFC
ENSG00000196418.12,chr1:247123343:T:C,ENSG00000196418.12_chr1:247123343:T:C,4.11069127717828e-55,-0.317846384822967,DLPFC
ENSG00000259065.1,chr14:73825425:C:T,ENSG00000259065.1_chr14:73825425:C:T,5.66753089735449e-55,0.623815858937791,DLPFC
ENSG00000103852.12,chr15:99233065:T:C,ENSG00000103852.12_chr15:99233065:T:C,8.19798267417795e-54,-0.125123598715059,DLPFC
ENSG00000162782.15,chr1:179588916:A:G,ENSG00000162782.15_chr1:179588916:A:G,9.62883446681461e-54,0.287097405768531,DLPFC
ENSG00000261338.2,chr2:218202257:C:T,ENSG00000261338.2_chr2:218202257:C:T,2.13858264821588e-53,0.263863648026326,DLPFC
ENSG00000188321.13,chr19:9324196:C:T,ENSG00000188321.13_chr19:9324196:C:T,2.22844316961295e-53,-0.373478813541325,DLPFC
ENSG00000176998.4,chr6:29814250:C:T,ENSG00000176998.4_chr6:29814250:C:T,4.98368412674361e-53,-0.287307755497807,DLPFC
ENSG00000254614.2,chr11:65176711:A:G,ENSG00000254614.2_chr11:65176711:A:G,9.38507251588058e-53,-0.209547146191197,DLPFC
ENSG00000244879.5,chr15:50358198:G:A,ENSG00000244879.5_chr15:50358198:G:A,1.38592183581958e-52,0.376596428886908,DLPFC
ENSG00000283491.1,chr2:231514081:C:T,ENSG00000283491.1_chr2:231514081:C:T,2.41507753204811e-52,-0.388498258373621,DLPFC
ENSG00000218510.6,chr1:22027834:T:C,ENSG00000218510.6_chr1:22027834:T:C,1.35024479377441e-51,0.304196489649685,DLPFC
ENSG00000084072.16,chr1:39738050:T:C,ENSG00000084072.16_chr1:39738050:T:C,5.14373751332123e-51,0.147684790724621,DLPFC
ENSG00000247572.7,chr5:81284244:T:G,ENSG00000247572.7_chr5:81284244:T:G,5.9478191921686e-50,-0.332515821469411,DLPFC
ENSG00000042317.16,chr14:88473090:C:T,ENSG00000042317.16_chr14:88473090:C:T,6.27333878749033e-50,-0.187170651812757,DLPFC
ENSG00000149231.11,chr11:96364768:C:T,ENSG00000149231.11_chr11:96364768:C:T,7.70357476891956e-50,0.192077407428162,DLPFC
ENSG00000133028.10,chr17:10672947:T:A,ENSG00000133028.10_chr17:10672947:T:A,1.79140980318161e-49,0.117557370240224,DLPFC
ENSG00000205464.11,chr5:82273115:G:A,ENSG00000205464.11_chr5:82273115:G:A,2.44480626670135e-49,0.179744091542347,DLPFC
ENSG00000071894.15,chr8:144362625:G:A,ENSG00000071894.15_chr8:144362625:G:A,3.08704108652553e-49,0.191893031279936,DLPFC
ENSG00000136108.14,chr13:52416582:C:T,ENSG00000136108.14_chr13:52416582:C:T,5.12362853510507e-49,-0.12792834607593,DLPFC
ENSG00000225138.7,chr5:469972:G:A,ENSG00000225138.7_chr5:469972:G:A,7.86039317117437e-49,0.410646796278844,DLPFC
ENSG00000245498.6,chr11:124808045:C:T,ENSG00000245498.6_chr11:124808045:C:T,1.29490453810859e-48,0.146507376674585,DLPFC
ENSG00000133805.15,chr11:10452342:C:T,ENSG00000133805.15_chr11:10452342:C:T,4.60127373069337e-48,0.193802327010886,DLPFC
ENSG00000269893.6,chr4:118279119:C:T,ENSG00000269893.6_chr4:118279119:C:T,8.91978843250336e-48,0.238880738575864,DLPFC
ENSG00000067533.5,chr1:218285209:T:C,ENSG00000067533.5_chr1:218285209:T:C,9.23594051103895e-48,0.122500834044092,DLPFC
ENSG00000164346.9,chr5:74701699:A:T,ENSG00000164346.9_chr5:74701699:A:T,9.51081433355646e-48,0.393433132538189,DLPFC
ENSG00000117226.11,chr1:89006209:C:T,ENSG00000117226.11_chr1:89006209:C:T,1.38252524588773e-47,-0.282345203581554,DLPFC
ENSG00000137944.16,chr1:88916981:C:G,ENSG00000137944.16_chr1:88916981:C:G,1.88258449578446e-47,-0.230358878640793,DLPFC
ENSG00000135773.12,chr1:230753630:G:A,ENSG00000135773.12_chr1:230753630:G:A,4.57593472466338e-47,-0.168513803967196,DLPFC
ENSG00000213640.3,chr7:64896012:C:A,ENSG00000213640.3_chr7:64896012:C:A,1.0137303100098e-46,0.388066793249668,DLPFC
ENSG00000118961.14,chr2:20683456:T:C,ENSG00000118961.14_chr2:20683456:T:C,1.30452502695556e-46,-0.162247548020252,DLPFC
ENSG00000259954.1,chr16:27460543:T:C,ENSG00000259954.1_chr16:27460543:T:C,3.66228474136521e-46,-0.176257864931894,DLPFC
ENSG00000204650.13,chr17:45868952:T:C,ENSG00000204650.13_chr17:45868952:T:C,8.42244343473629e-46,0.126257192304447,DLPFC
ENSG00000176896.8,chrX:13658411:G:C,ENSG00000176896.8_chrX:13658411:G:C,1.30649345742993e-45,-0.0967750710752786,DLPFC
ENSG00000065621.14,chr10:104260640:A:C,ENSG00000065621.14_chr10:104260640:A:C,1.45186419433453e-45,-0.214214426082615,DLPFC
ENSG00000241316.6,chr3:67651776:A:G,ENSG00000241316.6_chr3:67651776:A:G,1.73042007097283e-45,-0.178311187654543,DLPFC
ENSG00000276742.1,chr10:121928637:A:T,ENSG00000276742.1_chr10:121928637:A:T,1.44311072113421e-44,-0.56060327571348,DLPFC
ENSG00000255893.1,chr11:94436542:C:T,ENSG00000255893.1_chr11:94436542:C:T,2.32484831951904e-44,0.358695171984931,DLPFC
ENSG00000235652.7,chr6:145488847:C:T,ENSG00000235652.7_chr6:145488847:C:T,9.1362382548524e-44,0.147348164971095,DLPFC
ENSG00000246174.7,chr11:78136925:G:C,ENSG00000246174.7_chr11:78136925:G:C,1.75980758800639e-43,-0.135711883419974,DLPFC
ENSG00000189223.14,chr2:113221073:C:T,ENSG00000189223.14_chr2:113221073:C:T,3.63435588091381e-43,-0.40949165031671,DLPFC
ENSG00000226562.3,chr9:33513305:G:C,ENSG00000226562.3_chr9:33513305:G:C,3.81210667944957e-43,0.249454163452313,DLPFC
ENSG00000215237.6,chr9:15000128:T:C,ENSG00000215237.6_chr9:15000128:T:C,6.26998252178229e-43,0.256677314868861,DLPFC
ENSG00000128891.15,chr15:40541180:C:T,ENSG00000128891.15_chr15:40541180:C:T,4.74221054831926e-42,-0.150400516493809,DLPFC
ENSG00000123179.13,chr13:49691102:C:T,ENSG00000123179.13_chr13:49691102:C:T,5.53508883778305e-42,-0.344275191178503,DLPFC
ENSG00000268297.1,chr19:7780538:A:C,ENSG00000268297.1_chr19:7780538:A:C,6.38090558170076e-42,0.597868998129101,DLPFC
ENSG00000203875.10,chr6:85678170:G:T,ENSG00000203875.10_chr6:85678170:G:T,7.22795612856007e-42,0.149262596306828,DLPFC
ENSG00000166268.10,chr12:69711278:C:T,ENSG00000166268.10_chr12:69711278:C:T,1.64264607030159e-41,0.305143703441919,DLPFC
ENSG00000095485.16,chr10:100278884:G:A,ENSG00000095485.16_chr10:100278884:G:A,1.71310087629982e-41,0.122983607680492,DLPFC
ENSG00000253741.1,chr8:142730723:A:G,ENSG00000253741.1_chr8:142730723:A:G,2.93102006912831e-41,-0.155203261271149,DLPFC
ENSG00000119888.10,chr2:47357483:A:G,ENSG00000119888.10_chr2:47357483:A:G,1.20447530815737e-40,0.651307116737768,DLPFC
ENSG00000197083.11,chr5:150949304:T:C,ENSG00000197083.11_chr5:150949304:T:C,5.09945851010302e-40,0.358282217815164,DLPFC
ENSG00000259205.2,chr15:100574435:T:C,ENSG00000259205.2_chr15:100574435:T:C,6.75256281968938e-40,-0.250320361754617,DLPFC
ENSG00000166682.10,chr11:113711782:T:C,ENSG00000166682.10_chr11:113711782:T:C,1.61254010434695e-39,0.319563707310905,DLPFC
ENSG00000223745.7,chr1:93276893:C:G,ENSG00000223745.7_chr1:93276893:C:G,2.02452445579397e-39,-0.214658862383718,DLPFC
ENSG00000236682.1,chr2:127207145:G:A,ENSG00000236682.1_chr2:127207145:G:A,2.76401442190544e-39,0.411607797560812,DLPFC
ENSG00000127081.13,chr9:92827719:T:C,ENSG00000127081.13_chr9:92827719:T:C,3.88128570084049e-39,-0.0961429362501717,DLPFC
ENSG00000271643.1,chr3:33798622:T:C,ENSG00000271643.1_chr3:33798622:T:C,5.04306333900867e-39,0.204401585312413,DLPFC
ENSG00000271335.5,chr10:35313967:G:C,ENSG00000271335.5_chr10:35313967:G:C,1.67155888927938e-38,0.158753993014848,DLPFC
ENSG00000196653.11,chr3:44721338:A:G,ENSG00000196653.11_chr3:44721338:A:G,7.85971963499051e-38,0.207478314448367,DLPFC
ENSG00000152117.17,chr2:131474964:C:T,ENSG00000152117.17_chr2:131474964:C:T,1.04327443323196e-37,-0.327980831438456,DLPFC
ENSG00000103168.16,chr16:84174426:T:G,ENSG00000103168.16_chr16:84174426:T:G,1.66599950015848e-37,-0.139844485557249,DLPFC
ENSG00000228408.6,chr6:149210680:T:C,ENSG00000228408.6_chr6:149210680:T:C,1.68877622583712e-37,0.492195632944749,DLPFC
ENSG00000204267.13,chr6:32828188:G:A,ENSG00000204267.13_chr6:32828188:G:A,1.71138552567009e-37,-0.1943975078171,DLPFC
ENSG00000106610.14,chr7:67317490:A:C,ENSG00000106610.14_chr7:67317490:A:C,1.80666729123508e-37,-0.12017518564829,DLPFC
ENSG00000015592.16,chr8:27245507:A:G,ENSG00000015592.16_chr8:27245507:A:G,2.284774539081e-37,-0.190371230982636,DLPFC
ENSG00000240356.6,chr2:113654512:T:C,ENSG00000240356.6_chr2:113654512:T:C,2.75134965890078e-37,0.321762615694409,DLPFC
ENSG00000165806.19,chr10:113679635:C:T,ENSG00000165806.19_chr10:113679635:C:T,2.79534476689043e-37,0.190282197591221,DLPFC
ENSG00000230438.6,chr6:2876301:G:A,ENSG00000230438.6_chr6:2876301:G:A,6.30950178251092e-37,-0.286397168876942,DLPFC
ENSG00000230091.6,chr10:80078900:A:C,ENSG00000230091.6_chr10:80078900:A:C,6.86700690527158e-37,0.229863890650635,DLPFC
ENSG00000189157.13,chr4:76269527:G:A,ENSG00000189157.13_chr4:76269527:G:A,1.34932983214626e-36,-0.142702376432245,DLPFC
ENSG00000188312.13,chr9:92199082:C:T,ENSG00000188312.13_chr9:92199082:C:T,2.29046860623801e-36,0.175159384792194,DLPFC
ENSG00000149089.12,chr11:34837603:G:T,ENSG00000149089.12_chr11:34837603:G:T,3.16135854816552e-36,0.150321655484898,DLPFC
ENSG00000130348.11,chr6:106641709:T:C,ENSG00000130348.11_chr6:106641709:T:C,3.2844454484905e-36,-0.101906928833349,DLPFC
ENSG00000231365.5,chr1:119174476:C:T,ENSG00000231365.5_chr1:119174476:C:T,4.99650868086465e-36,-0.150173304246749,DLPFC
ENSG00000158683.7,chr7:47981187:A:T,ENSG00000158683.7_chr7:47981187:A:T,6.55953185754261e-36,-0.0952096124231956,DLPFC
ENSG00000140471.16,chr15:100549520:T:C,ENSG00000140471.16_chr15:100549520:T:C,7.35910647471901e-36,-0.143700088817863,DLPFC
ENSG00000164989.15,chr9:15720792:A:C,ENSG00000164989.15_chr9:15720792:A:C,7.5644610814491e-36,-0.0973803868325703,DLPFC
ENSG00000234585.6,chr7:64955157:G:C,ENSG00000234585.6_chr7:64955157:G:C,1.07189244880633e-35,0.252477614095751,DLPFC
ENSG00000152348.15,chr5:81966104:A:G,ENSG00000152348.15_chr5:81966104:A:G,1.62229897611725e-35,0.199199032019242,DLPFC
ENSG00000188732.10,chr7:23680147:G:A,ENSG00000188732.10_chr7:23680147:G:A,2.22340081753635e-35,0.147858938891789,DLPFC
ENSG00000164111.14,chr4:121674826:C:A,ENSG00000164111.14_chr4:121674826:C:A,8.09304614961522e-35,-0.165262083144487,DLPFC
ENSG00000188002.10,chr5:1593981:A:G,ENSG00000188002.10_chr5:1593981:A:G,8.11332856906641e-35,-0.145300716670024,DLPFC
ENSG00000179698.13,chr8:144109615:C:A,ENSG00000179698.13_chr8:144109615:C:A,1.33860941014202e-34,0.331470899128769,DLPFC
ENSG00000146070.16,chr6:46732969:C:T,ENSG00000146070.16_chr6:46732969:C:T,2.21058143723858e-34,0.225420272713312,DLPFC
ENSG00000189171.14,chr1:153628302:G:A,ENSG00000189171.14_chr1:153628302:G:A,3.59677942665864e-34,0.22936195273068,DLPFC
ENSG00000272936.1,chr4:44612793:T:C,ENSG00000272936.1_chr4:44612793:T:C,4.75305962279637e-34,0.363160987020389,DLPFC
ENSG00000204525.15,chr6:31208558:C:T,ENSG00000204525.15_chr6:31208558:C:T,5.53334803808309e-34,-0.317606287299027,DLPFC
ENSG00000197417.7,chr17:3605864:G:C,ENSG00000197417.7_chr17:3605864:G:C,9.52241301312536e-34,0.14838364104726,DLPFC
ENSG00000110455.13,chr11:44066439:G:T,ENSG00000110455.13_chr11:44066439:G:T,1.24687458986925e-33,0.225176001562505,DLPFC
ENSG00000226721.2,chr9:92868081:C:T,ENSG00000226721.2_chr9:92868081:C:T,1.33712404454914e-33,-0.251994099937766,DLPFC
ENSG00000204138.12,chr1:28397869:G:T,ENSG00000204138.12_chr1:28397869:G:T,1.36285336687878e-33,-0.10059602449381,DLPFC
ENSG00000186446.11,chr3:44842479:G:A,ENSG00000186446.11_chr3:44842479:G:A,1.62350263595569e-33,0.180565818011438,DLPFC
ENSG00000065060.16,chr6:34687223:C:T,ENSG00000065060.16_chr6:34687223:C:T,2.23853145098526e-33,0.0772165950735764,DLPFC
ENSG00000165568.17,chr10:4836780:G:A,ENSG00000165568.17_chr10:4836780:G:A,4.30462556040608e-33,-0.249677207561764,DLPFC
ENSG00000230513.1,chr22:21006953:T:A,ENSG00000230513.1_chr22:21006953:T:A,5.31054287792715e-33,-0.107954828000096,DLPFC
ENSG00000230795.3,chr6:29861474:A:C,ENSG00000230795.3_chr6:29861474:A:C,1.11035358430516e-32,-0.462754654245009,DLPFC
ENSG00000154898.15,chr17:20314062:G:A,ENSG00000154898.15_chr17:20314062:G:A,1.17497984644296e-32,0.290367316467352,DLPFC
ENSG00000177042.14,chr11:654091:G:A,ENSG00000177042.14_chr11:654091:G:A,2.01823636219501e-32,-0.145218739263856,DLPFC
ENSG00000227354.6,chr13:79266137:C:A,ENSG00000227354.6_chr13:79266137:C:A,3.02846683860543e-32,0.34961115507397,DLPFC
ENSG00000111364.15,chr12:123615876:A:G,ENSG00000111364.15_chr12:123615876:A:G,7.01271022525174e-32,-0.119374734553591,DLPFC
ENSG00000139629.15,chr12:51367846:A:C,ENSG00000139629.15_chr12:51367846:A:C,7.15897950179966e-32,-0.205058246789368,DLPFC
ENSG00000148690.11,chr10:93669250:T:C,ENSG00000148690.11_chr10:93669250:T:C,8.53600802829913e-32,0.233205339758222,DLPFC
ENSG00000131401.11,chr19:50342447:G:A,ENSG00000131401.11_chr19:50342447:G:A,1.25974626497381e-31,-0.247093016647382,DLPFC
ENSG00000214026.10,chr11:1941470:C:T,ENSG00000214026.10_chr11:1941470:C:T,2.34494832773358e-31,-0.403050531861168,DLPFC
ENSG00000204257.14,chr6:32839713:C:T,ENSG00000204257.14_chr6:32839713:C:T,2.69681926674611e-31,0.449993611017113,DLPFC
ENSG00000213462.4,chr7:65055772:C:T,ENSG00000213462.4_chr7:65055772:C:T,3.52339007674048e-31,0.217471791296917,DLPFC
ENSG00000182362.13,chr21:46262167:T:C,ENSG00000182362.13_chr21:46262167:T:C,3.72459516222466e-31,-0.186339170330225,DLPFC
ENSG00000183066.14,chr22:41992822:A:G,ENSG00000183066.14_chr22:41992822:A:G,4.89510478632438e-31,-0.151031330082092,DLPFC
ENSG00000233016.6,chr9:136719546:C:T,ENSG00000233016.6_chr9:136719546:C:T,1.6878493369243e-30,-0.306838062522742,DLPFC
ENSG00000184788.12,chrX:85145927:C:T,ENSG00000184788.12_chrX:85145927:C:T,2.95416162814591e-30,-0.199910271056191,DLPFC
ENSG00000176681.14,chr17:46259631:C:G,ENSG00000176681.14_chr17:46259631:C:G,4.87456657965492e-30,0.261243594188653,DLPFC
ENSG00000173811.10,chr3:42720799:A:C,ENSG00000173811.10_chr3:42720799:A:C,1.63557453842863e-29,-0.192966651129686,DLPFC
ENSG00000167232.13,chr19:23402852:C:T,ENSG00000167232.13_chr19:23402852:C:T,1.96472272675608e-29,0.153115920946418,DLPFC
ENSG00000136059.14,chr3:37995316:A:G,ENSG00000136059.14_chr3:37995316:A:G,2.44546606549862e-29,-0.107548774166691,DLPFC
ENSG00000214078.12,chr20:35612055:G:A,ENSG00000214078.12_chr20:35612055:G:A,1.23641402989827e-28,-0.156366449748869,DLPFC
ENSG00000133302.12,chr5:94734684:C:T,ENSG00000133302.12_chr5:94734684:C:T,1.66467835128052e-28,0.102106911708358,DLPFC
ENSG00000263006.6,chr18:104344:G:A,ENSG00000263006.6_chr18:104344:G:A,1.75418450244233e-28,0.333292218296755,DLPFC
ENSG00000134201.10,chr1:109718945:G:A,ENSG00000134201.10_chr1:109718945:G:A,3.42644934726328e-28,-0.562400718184709,DLPFC
ENSG00000237975.6,chr1:152222558:G:A,ENSG00000237975.6_chr1:152222558:G:A,5.00502848175113e-28,-0.211769626888182,DLPFC
ENSG00000186529.14,chr19:15640756:C:T,ENSG00000186529.14_chr19:15640756:C:T,5.33777946792362e-28,-0.195894955540603,DLPFC
ENSG00000163016.9,chr2:73531676:C:T,ENSG00000163016.9_chr2:73531676:C:T,7.56699564722973e-28,0.174284610063942,DLPFC
ENSG00000154479.12,chr2:169687010:C:G,ENSG00000154479.12_chr2:169687010:C:G,1.72622756764739e-26,-0.186235853425425,DLPFC
ENSG00000021488.12,chr19:32928504:A:G,ENSG00000021488.12_chr19:32928504:A:G,3.78204774539395e-25,-0.14379244590848,DLPFC
ENSG00000232953.1,chr3:20001342:C:T,ENSG00000232953.1_chr3:20001342:C:T,6.40568940648271e-25,0.152315987784025,DLPFC
ENSG00000228716.6,chr5:80655314:T:C,ENSG00000228716.6_chr5:80655314:T:C,2.82528426056675e-24,0.25254344634142,DLPFC
ENSG00000124587.13,chr6:42988011:T:C,ENSG00000124587.13_chr6:42988011:T:C,1.34740948258464e-23,0.155620682784276,DLPFC
ENSG00000123297.17,chr12:57724465:T:C,ENSG00000123297.17_chr12:57724465:T:C,1.81695433409763e-23,-0.103802163642935,DLPFC
ENSG00000111254.7,chr12:4648189:T:G,ENSG00000111254.7_chr12:4648189:T:G,2.06403707130131e-23,-0.102052370934798,DLPFC
ENSG00000198039.11,chr7:64851777:G:A,ENSG00000198039.11_chr7:64851777:G:A,2.61269976997865e-23,0.101734604323463,DLPFC
ENSG00000273270.1,chr7:128531040:A:G,ENSG00000273270.1_chr7:128531040:A:G,4.39700479964186e-23,-0.0864179814875594,DLPFC
ENSG00000180113.15,chr6:46719682:C:T,ENSG00000180113.15_chr6:46719682:C:T,7.97300770639539e-23,-0.186886379601154,DLPFC
ENSG00000156711.16,chr6:36130353:G:A,ENSG00000156711.16_chr6:36130353:G:A,1.03702851937161e-22,0.104123009058138,DLPFC
ENSG00000272279.1,chr6:1547737:G:A,ENSG00000272279.1_chr6:1547737:G:A,1.31427824396463e-22,0.341793261593403,DLPFC
ENSG00000189423.11,chr17:20314062:G:A,ENSG00000189423.11_chr17:20314062:G:A,1.46675692223989e-22,0.257730197569701,DLPFC
ENSG00000196735.11,chr6:32658472:T:C,ENSG00000196735.11_chr6:32658472:T:C,1.69870173785003e-22,-0.11325304687357,DLPFC
ENSG00000196655.10,chr11:119002031:T:C,ENSG00000196655.10_chr11:119002031:T:C,3.45843164718417e-22,0.0786407468398239,DLPFC
ENSG00000151773.12,chr13:43822111:G:A,ENSG00000151773.12_chr13:43822111:G:A,3.63093033702462e-22,0.1413397172072,DLPFC
ENSG00000272864.1,chr1:74703926:T:C,ENSG00000272864.1_chr1:74703926:T:C,8.71689809082274e-22,-0.274304403482637,DLPFC
ENSG00000147403.16,chrX:154394242:C:A,ENSG00000147403.16_chrX:154394242:C:A,1.28147188001874e-21,-0.117237828785097,DLPFC
ENSG00000267199.1,chr18:12438550:A:G,ENSG00000267199.1_chr18:12438550:A:G,1.58976055401939e-20,-0.104271262443452,DLPFC
ENSG00000232504.4,chr2:85905905:A:G,ENSG00000232504.4_chr2:85905905:A:G,4.0493035691003897e-20,-0.22130707794082,DLPFC
ENSG00000197134.11,chr19:22134957:A:G,ENSG00000197134.11_chr19:22134957:A:G,9.48782091216116e-20,0.168336265930587,DLPFC
ENSG00000204520.12,chr6:31442354:A:G,ENSG00000204520.12_chr6:31442354:A:G,1.28346318210819e-19,-0.152454511913683,DLPFC
ENSG00000251136.8,chr8:89724618:C:T,ENSG00000251136.8_chr8:89724618:C:T,1.37178505302753e-19,-0.123355106862538,DLPFC
ENSG00000196071.4,chr1:247965627:G:A,ENSG00000196071.4_chr1:247965627:G:A,1.57596001506491e-19,0.381991205879056,DLPFC
ENSG00000263528.7,chr1:206470431:A:G,ENSG00000263528.7_chr1:206470431:A:G,1.7670153743632e-19,-0.130033910627993,DLPFC
ENSG00000184343.10,chrX:153783890:G:A,ENSG00000184343.10_chrX:153783890:G:A,3.7518809502272e-19,-0.0859386177284237,DLPFC
ENSG00000123427.16,chr12:57814381:G:A,ENSG00000123427.16_chr12:57814381:G:A,4.4389723472436e-19,0.115828843321458,DLPFC
ENSG00000136279.19,chr7:44025307:A:G,ENSG00000136279.19_chr7:44025307:A:G,4.79961723627127e-19,-0.05870305226011,DLPFC
ENSG00000144741.17,chr3:66260027:C:T,ENSG00000144741.17_chr3:66260027:C:T,1.67030038511128e-18,-0.102728512485938,DLPFC
ENSG00000255284.1,chr11:762441:A:C,ENSG00000255284.1_chr11:762441:A:C,1.79443495895285e-18,0.147225784111879,DLPFC
ENSG00000133313.14,chr18:74497823:T:C,ENSG00000133313.14_chr18:74497823:T:C,1.78180419254121e-17,0.070216773948111,DLPFC
ENSG00000168803.14,chr15:43359058:G:C,ENSG00000168803.14_chr15:43359058:G:C,2.89567860229243e-17,-0.131953799318413,DLPFC
ENSG00000197013.9,chr19:21443468:T:C,ENSG00000197013.9_chr19:21443468:T:C,3.81975742049532e-17,0.0854199952042619,DLPFC
ENSG00000167670.15,chr19:4437453:A:G,ENSG00000167670.15_chr19:4437453:A:G,5.44181310663898e-17,-0.106211989146424,DLPFC
ENSG00000128039.10,chr4:55350848:C:T,ENSG00000128039.10_chr4:55350848:C:T,5.46310518666664e-17,0.135913029211925,DLPFC
ENSG00000135678.11,chr12:68980996:G:A,ENSG00000135678.11_chr12:68980996:G:A,7.15463625571939e-17,-0.145402945985614,DLPFC
ENSG00000248794.1,chr5:81307800:C:G,ENSG00000248794.1_chr5:81307800:C:G,7.89172481664263e-17,0.326419631316855,DLPFC
ENSG00000240207.6,chr3:158602914:C:A,ENSG00000240207.6_chr3:158602914:C:A,2.32755146911875e-16,0.103103727156098,DLPFC
ENSG00000164106.7,chr4:173411461:G:T,ENSG00000164106.7_chr4:173411461:G:T,2.73980207315874e-16,-0.155819652212003,DLPFC
ENSG00000226002.1,chr7:65001701:A:G,ENSG00000226002.1_chr7:65001701:A:G,4.04776640808305e-16,0.295651670499008,DLPFC
ENSG00000183060.15,chr15:99576927:G:A,ENSG00000183060.15_chr15:99576927:G:A,5.07100609002139e-16,-0.109446608145901,DLPFC
ENSG00000228701.1,chr10:91883438:C:T,ENSG00000228701.1_chr10:91883438:C:T,1.164056774129e-15,0.141221649194268,DLPFC
ENSG00000130827.6,chrX:154611562:T:G,ENSG00000130827.6_chrX:154611562:T:G,1.75394266487425e-15,0.087061153275495,DLPFC
ENSG00000219669.1,chr6:71021702:C:A,ENSG00000219669.1_chr6:71021702:C:A,1.87446068531506e-15,-0.192852192126811,DLPFC
ENSG00000250950.1,chr4:119304800:A:G,ENSG00000250950.1_chr4:119304800:A:G,3.04955610109855e-15,-0.219700567723705,DLPFC
ENSG00000101452.14,chr20:39006061:T:C,ENSG00000101452.14_chr20:39006061:T:C,3.53992844893843e-15,-0.0722923514563682,DLPFC
ENSG00000249572.1,chr5:33413136:C:G,ENSG00000249572.1_chr5:33413136:C:G,3.59999184414141e-15,-0.220784277004779,DLPFC
ENSG00000181007.8,chr19:36385941:A:C,ENSG00000181007.8_chr19:36385941:A:C,6.01585512579578e-15,-0.05984481262006,DLPFC
ENSG00000175322.11,chr18:14132403:G:C,ENSG00000175322.11_chr18:14132403:G:C,1.06417682478501e-14,0.0802562469739872,DLPFC
ENSG00000234373.1,chr9:33481747:G:A,ENSG00000234373.1_chr9:33481747:G:A,2.32657058129521e-14,-0.210358655873363,DLPFC
ENSG00000037042.8,chr17:42489154:C:T,ENSG00000037042.8_chr17:42489154:C:T,2.99630292189067e-14,0.100737828747882,DLPFC
ENSG00000257815.5,chr12:70198588:G:A,ENSG00000257815.5_chr12:70198588:G:A,3.81573160513844e-14,0.161657441968822,DLPFC
ENSG00000115523.16,chr2:85706404:C:G,ENSG00000115523.16_chr2:85706404:C:G,7.21446308771107e-14,-0.131723490881352,DLPFC
ENSG00000225177.5,chr6:138694212:C:G,ENSG00000225177.5_chr6:138694212:C:G,9.99908841289401e-14,0.216747306559436,DLPFC
ENSG00000125779.21,chr20:3931990:G:T,ENSG00000125779.21_chr20:3931990:G:T,1.14140296096878e-13,0.0502967294973063,DLPFC
ENSG00000276127.1,chr6:71013687:G:A,ENSG00000276127.1_chr6:71013687:G:A,2.10627429010303e-13,-0.162463384712024,DLPFC
ENSG00000248124.7,chr16:21795562:C:G,ENSG00000248124.7_chr16:21795562:C:G,6.74973361374952e-13,-0.12542310700899,DLPFC
ENSG00000227001.3,chr1:21440283:G:C,ENSG00000227001.3_chr1:21440283:G:C,6.96055371815206e-13,-0.376196950608568,DLPFC
ENSG00000137310.11,chr6:31254634:G:A,ENSG00000137310.11_chr6:31254634:G:A,1.00692724479523e-12,0.0881474583717883,DLPFC
ENSG00000161692.17,chr17:44594583:T:A,ENSG00000161692.17_chr17:44594583:T:A,1.7057890532947e-12,-0.115667660438328,DLPFC
ENSG00000196378.11,chr8:144783791:T:C,ENSG00000196378.11_chr8:144783791:T:C,1.75094186638569e-12,0.0730857919973185,DLPFC
ENSG00000125804.13,chr20:26092151:G:A,ENSG00000125804.13_chr20:26092151:G:A,2.53129831703569e-12,-0.261300150979017,DLPFC
ENSG00000205809.9,chr12:10455822:A:G,ENSG00000205809.9_chr12:10455822:A:G,4.05735536148325e-12,-0.38820614753348,DLPFC
ENSG00000100106.19,chr22:37742372:G:C,ENSG00000100106.19_chr22:37742372:G:C,4.38974002471742e-12,-0.0409574878477163,DLPFC
ENSG00000170430.9,chr10:129638297:A:G,ENSG00000170430.9_chr10:129638297:A:G,4.80004001681537e-12,-0.0798837614974434,DLPFC
ENSG00000225265.1,chr1:222565958:C:T,ENSG00000225265.1_chr1:222565958:C:T,5.95035564074085e-12,-0.183036986945705,DLPFC
ENSG00000196151.10,chr2:159216284:G:A,ENSG00000196151.10_chr2:159216284:G:A,6.94307603099e-12,-0.0945113402805272,DLPFC
ENSG00000163374.19,chr1:155334790:C:A,ENSG00000163374.19_chr1:155334790:C:A,9.65311903151381e-12,0.0663998369224224,DLPFC
ENSG00000188707.5,chr7:150338094:C:T,ENSG00000188707.5_chr7:150338094:C:T,2.14739829423268e-11,-0.0788071375689268,DLPFC
ENSG00000182118.6,chr1:231039252:A:G,ENSG00000182118.6_chr1:231039252:A:G,2.53612383619474e-11,-0.145314651848913,DLPFC
ENSG00000269940.1,chr14:103636381:C:T,ENSG00000269940.1_chr14:103636381:C:T,3.84864088462406e-11,-0.129143168356704,DLPFC
ENSG00000114904.12,chr3:52550699:A:G,ENSG00000114904.12_chr3:52550699:A:G,5.72993145377016e-11,-0.0473015487391638,DLPFC
ENSG00000226496.2,chr21:41148207:T:C,ENSG00000226496.2_chr21:41148207:T:C,6.57762566744495e-11,-0.131233690324998,DLPFC
ENSG00000275764.1,chr12:27031108:T:C,ENSG00000275764.1_chr12:27031108:T:C,1.14958725255421e-10,0.0792772413556184,DLPFC
ENSG00000167695.14,chr17:731840:A:C,ENSG00000167695.14_chr17:731840:A:C,1.2472835755275e-10,0.0836805119259209,DLPFC
ENSG00000260760.1,chr15:24400555:G:T,ENSG00000260760.1_chr15:24400555:G:T,1.2919451925396e-10,-0.668793516824985,DLPFC
ENSG00000261701.6,chr16:72106654:G:A,ENSG00000261701.6_chr16:72106654:G:A,2.900957827841e-10,0.53183793984499,DLPFC
ENSG00000086619.13,chr1:236270824:T:C,ENSG00000086619.13_chr1:236270824:T:C,3.00682027528865e-10,-0.0976374459615725,DLPFC
ENSG00000117242.7,chr1:20653087:T:G,ENSG00000117242.7_chr1:20653087:T:G,4.4430447950315103e-10,-0.0708631766466493,DLPFC
ENSG00000125877.12,chr20:3429949:C:T,ENSG00000125877.12_chr20:3429949:C:T,1.82172845504702e-9,-0.1067382471661,DLPFC
ENSG00000170703.15,chr17:48800520:G:T,ENSG00000170703.15_chr17:48800520:G:T,2.49852820884515e-9,-0.0732861028098941,DLPFC
ENSG00000188801.9,chr9:97316062:G:A,ENSG00000188801.9_chr9:97316062:G:A,3.37050941448392e-9,-0.2121060172795,DLPFC
ENSG00000174165.7,chr11:66431891:T:G,ENSG00000174165.7_chr11:66431891:T:G,3.9386093232913e-9,-0.0496475046448269,DLPFC
ENSG00000101639.18,chr18:13172333:A:G,ENSG00000101639.18_chr18:13172333:A:G,4.5370008644235e-9,0.0549550651751244,DLPFC
ENSG00000144152.12,chr2:112023248:G:A,ENSG00000144152.12_chr2:112023248:G:A,6.34103627763539e-8,0.114016413913042,DLPFC
ENSG00000119943.11,chr10:98407565:C:T,ENSG00000119943.11_chr10:98407565:C:T,1.26017648802268e-7,0.0679257251524401,DLPFC
ENSG00000183091.19,chr2:151829177:C:T,ENSG00000183091.19_chr2:151829177:C:T,1.32879222226576e-7,-0.0771821096758191,DLPFC
ENSG00000198093.10,chr19:51853993:T:C,ENSG00000198093.10_chr19:51853993:T:C,1.59343822051689e-7,-0.0740667471334038,DLPFC
ENSG00000100350.14,chr22:36385523:G:A,ENSG00000100350.14_chr22:36385523:G:A,4.23464564577161e-7,0.122473529419382,DLPFC
ENSG00000225345.3,chr9:38643132:A:G,ENSG00000225345.3_chr9:38643132:A:G,4.29503814654365e-7,-0.232242332005298,DLPFC
ENSG00000235314.1,chr7:44083325:G:A,ENSG00000235314.1_chr7:44083325:G:A,6.06993695764783e-7,-0.0895642061880356,DLPFC
ENSG00000237840.6,chr10:45450242:C:A,ENSG00000237840.6_chr10:45450242:C:A,6.82767763728204e-7,-0.059035152805657,DLPFC
ENSG00000093072.15,chr22:17204461:C:A,ENSG00000093072.15_chr22:17204461:C:A,8.4896650519478e-7,0.0569147336332334,DLPFC
ENSG00000130669.17,chr19:39160846:A:G,ENSG00000130669.17_chr19:39160846:A:G,8.50234938255659e-7,-0.0378361141562427,DLPFC
ENSG00000125450.10,chr17:75195171:C:G,ENSG00000125450.10_chr17:75195171:C:G,1.10856476265922e-6,0.0539047031656961,DLPFC
ENSG00000198874.12,chr7:67318292:T:C,ENSG00000198874.12_chr7:67318292:T:C,2.01415394514593e-6,0.0567292425197676,DLPFC
ENSG00000214826.5,chr12:9588243:G:A,ENSG00000214826.5_chr12:9588243:G:A,2.44742407250791e-6,0.0739265312362541,DLPFC
ENSG00000260163.1,chr2:127020298:T:C,ENSG00000260163.1_chr2:127020298:T:C,2.52856706493043e-6,0.0506529543176218,DLPFC
ENSG00000255246.1,chr11:82733174:C:G,ENSG00000255246.1_chr11:82733174:C:G,5.21095062832051e-6,0.0995622739380654,DLPFC
ENSG00000230305.2,chr7:76505817:G:A,ENSG00000230305.2_chr7:76505817:G:A,1.1418302609939e-5,0.119398206760437,DLPFC
ENSG00000167671.11,chr19:4422181:T:A,ENSG00000167671.11_chr19:4422181:T:A,2.49350305002329e-5,-0.046512673368991,DLPFC
ENSG00000226314.7,chr6:28558878:A:C,ENSG00000226314.7_chr6:28558878:A:C,3.26785065319806e-5,0.085198500325455,DLPFC
ENSG00000189269.12,chr22:23649233:C:T,ENSG00000189269.12_chr22:23649233:C:T,5.51330018483968e-5,-0.084633480969232,DLPFC
ENSG00000137804.12,chr15:41296564:A:G,ENSG00000137804.12_chr15:41296564:A:G,7.94182780906706e-5,0.0530766113567128,DLPFC
ENSG00000122507.20,chr7:32996814:G:C,ENSG00000122507.20_chr7:32996814:G:C,9.72971633463443e-5,-0.0748864052473068,DLPFC
ENSG00000108587.15,chr17:30204995:G:A,ENSG00000108587.15_chr17:30204995:G:A,1.12408511705556e-4,-0.0279714201429533,DLPFC
ENSG00000197181.11,chr8:22319731:A:T,ENSG00000197181.11_chr8:22319731:A:T,1.56139081223586e-4,-0.071570505426645,DLPFC
ENSG00000103472.9,chr16:29161374:G:A,ENSG00000103472.9_chr16:29161374:G:A,4.41837147067227e-4,-0.0641339395813967,DLPFC
ENSG00000140545.14,chr15:88953480:T:C,ENSG00000140545.14_chr15:88953480:T:C,6.27810150706167e-4,0.0792793143148466,DLPFC
ENSG00000130822.15,chrX:153693623:G:A,ENSG00000130822.15_chrX:153693623:G:A,9.32562811590611e-4,-0.0399108426394795,DLPFC
ENSG00000139323.13,chr12:89432335:C:G,ENSG00000139323.13_chr12:89432335:C:G,0.00111381377838792,-0.0294539948424001,DLPFC
ENSG00000149179.13,chr11:47161375:G:A,ENSG00000149179.13_chr11:47161375:G:A,0.00133002589181686,0.0529407479081699,DLPFC
ENSG00000272733.1,chr22:23635844:G:A,ENSG00000272733.1_chr22:23635844:G:A,0.00267142295167777,-0.0651657736043406,DLPFC
ENSG00000180953.11,chr15:79897191:G:A,ENSG00000180953.11_chr15:79897191:G:A,0.00375437421453699,-0.0659154930443611,DLPFC
ENSG00000149292.16,chr11:113360892:C:T,ENSG00000149292.16_chr11:113360892:C:T,0.00638547616770165,-0.0632046584983765,DLPFC
ENSG00000251164.1,chr6:8389896:G:A,ENSG00000251164.1_chr6:8389896:G:A,0.00779853101682912,-0.103945047207849,DLPFC
ENSG00000136861.17,chr9:120403829:A:G,ENSG00000136861.17_chr9:120403829:A:G,0.0109152213024,-0.0657823969011354,DLPFC
ENSG00000156253.6,chr21:28939120:C:T,ENSG00000156253.6_chr21:28939120:C:T,0.0203566207743347,0.07102503542853,DLPFC
ENSG00000184227.7,chr14:73528024:C:A,ENSG00000184227.7_chr14:73528024:C:A,0.0286958410735372,0.175891111748755,DLPFC
ENSG00000172456.17,chr1:59226309:G:A,ENSG00000172456.17_chr1:59226309:G:A,0.0292852446079553,-0.0535309752648827,DLPFC
ENSG00000255374.3,chr12:11055785:C:G,ENSG00000255374.3_chr12:11055785:C:G,3.67638929536121e-142,-0.595921096796344,Hippocampus
ENSG00000142856.16,chr1:63523233:G:A,ENSG00000142856.16_chr1:63523233:G:A,2.18521702898462e-137,0.38281878995644403,Hippocampus
ENSG00000164308.16,chr5:96916728:G:A,ENSG00000164308.16_chr5:96916728:G:A,3.65898777330152e-135,0.392072508339417,Hippocampus
ENSG00000256274.1,chr12:11034470:A:C,ENSG00000256274.1_chr12:11034470:A:C,3.94092421395671e-121,-0.479244627297669,Hippocampus
ENSG00000197020.10,chr19:21725251:C:T,ENSG00000197020.10_chr19:21725251:C:T,6.95036562247179e-118,0.314263318193202,Hippocampus
ENSG00000166435.15,chr11:74858894:G:A,ENSG00000166435.15_chr11:74858894:G:A,5.48296367236396e-116,0.433829576013602,Hippocampus
ENSG00000167553.14,chr12:49132101:A:G,ENSG00000167553.14_chr12:49132101:A:G,3.28108741149193e-111,0.729714311101427,Hippocampus
ENSG00000121716.19,chr7:100297686:C:G,ENSG00000121716.19_chr7:100297686:C:G,1.01999736669368e-106,0.491164103249169,Hippocampus
ENSG00000128944.13,chr15:40358234:C:T,ENSG00000128944.13_chr15:40358234:C:T,8.69562831285712e-91,0.414469568864605,Hippocampus
ENSG00000197728.9,chr12:56007301:G:A,ENSG00000197728.9_chr12:56007301:G:A,5.96315450649529e-88,-0.538631300147518,Hippocampus
ENSG00000225231.1,chr12:9943487:G:C,ENSG00000225231.1_chr12:9943487:G:C,3.09023254453784e-87,1.19182578370745,Hippocampus
ENSG00000226686.7,chr19:37306676:C:T,ENSG00000226686.7_chr19:37306676:C:T,2.87634656156845e-86,0.406331920123533,Hippocampus
ENSG00000232229.5,chr10:89836670:G:C,ENSG00000232229.5_chr10:89836670:G:C,6.20904421352288e-82,0.488560247099108,Hippocampus
ENSG00000120675.5,chr13:43023570:C:T,ENSG00000120675.5_chr13:43023570:C:T,1.56037938064744e-79,-0.28783541631654,Hippocampus
ENSG00000230658.1,chr7:23082821:C:A,ENSG00000230658.1_chr7:23082821:C:A,5.49095259283575e-79,0.176601120026914,Hippocampus
ENSG00000272865.1,chr1:242148188:A:G,ENSG00000272865.1_chr1:242148188:A:G,2.52236286465519e-78,0.56945543763526,Hippocampus
ENSG00000281501.1,chr4:25157768:A:T,ENSG00000281501.1_chr4:25157768:A:T,2.92704698325174e-78,-0.325130682319232,Hippocampus
ENSG00000259683.1,chr15:84592552:C:T,ENSG00000259683.1_chr15:84592552:C:T,2.65607055567549e-76,0.660607229282571,Hippocampus
ENSG00000214425.7,chr17:45910839:A:G,ENSG00000214425.7_chr17:45910839:A:G,8.9379386904997e-76,-0.65707684936262,Hippocampus
ENSG00000240344.8,chr2:200877622:C:T,ENSG00000240344.8_chr2:200877622:C:T,2.70251119668092e-75,-0.204575290619951,Hippocampus
ENSG00000198468.7,chr1:212841880:A:G,ENSG00000198468.7_chr1:212841880:A:G,1.33186353625335e-73,0.151800334905302,Hippocampus
ENSG00000233885.7,chr3:183817306:C:T,ENSG00000233885.7_chr3:183817306:C:T,1.96303909795554e-72,0.199412570990982,Hippocampus
ENSG00000225470.6,chrX:73783706:A:C,ENSG00000225470.6_chrX:73783706:A:C,2.91628402383878e-68,-0.162829303672869,Hippocampus
ENSG00000254860.5,chr11:8964501:C:A,ENSG00000254860.5_chr11:8964501:C:A,6.11104804871355e-68,0.301807080022133,Hippocampus
ENSG00000260671.2,chr16:87730661:A:T,ENSG00000260671.2_chr16:87730661:A:T,1.76985176267658e-67,0.534545518203787,Hippocampus
ENSG00000234171.2,chr2:3561166:T:C,ENSG00000234171.2_chr2:3561166:T:C,1.30801786288648e-66,-0.30535814776422,Hippocampus
ENSG00000278879.1,chr11:74858894:G:A,ENSG00000278879.1_chr11:74858894:G:A,2.04076685073785e-66,0.311902352912937,Hippocampus
ENSG00000245832.6,chr11:82711904:T:C,ENSG00000245832.6_chr11:82711904:T:C,2.89666338652908e-66,0.62833056158332,Hippocampus
ENSG00000106733.20,chr9:75092384:A:T,ENSG00000106733.20_chr9:75092384:A:T,1.63251302160783e-65,-0.24036255083285,Hippocampus
ENSG00000196418.12,chr1:247123343:T:C,ENSG00000196418.12_chr1:247123343:T:C,3.4595537748747e-65,-0.258119126198033,Hippocampus
ENSG00000084072.16,chr1:39738050:T:C,ENSG00000084072.16_chr1:39738050:T:C,5.23974330097853e-65,0.164486884906119,Hippocampus
ENSG00000111788.10,chr12:9278806:C:T,ENSG00000111788.10_chr12:9278806:C:T,1.12662159946382e-63,-0.333292080164458,Hippocampus
ENSG00000270127.2,chr15:100553922:T:C,ENSG00000270127.2_chr15:100553922:T:C,1.89627414573852e-62,-0.256224785345489,Hippocampus
ENSG00000136982.5,chr8:119852600:A:C,ENSG00000136982.5_chr8:119852600:A:C,1.52384740183233e-61,-0.233850589238898,Hippocampus
ENSG00000263335.1,chr16:15727006:C:T,ENSG00000263335.1_chr16:15727006:C:T,9.04644241412867e-61,0.488683114640205,Hippocampus
ENSG00000223768.1,chr21:45291559:T:A,ENSG00000223768.1_chr21:45291559:T:A,7.15441410859321e-60,-0.432335700450976,Hippocampus
ENSG00000247572.7,chr5:81284244:T:G,ENSG00000247572.7_chr5:81284244:T:G,3.19634565223579e-59,-0.294567484366544,Hippocampus
ENSG00000189223.14,chr2:113221073:C:T,ENSG00000189223.14_chr2:113221073:C:T,6.32188223811219e-58,-0.453247383142699,Hippocampus
ENSG00000163576.17,chr3:19946047:G:T,ENSG00000163576.17_chr3:19946047:G:T,2.41324950541269e-57,0.304535572688674,Hippocampus
ENSG00000251372.5,chr4:138309666:C:A,ENSG00000251372.5_chr4:138309666:C:A,9.32049161428218e-56,0.887238443031139,Hippocampus
ENSG00000226864.2,chr10:121928637:A:T,ENSG00000226864.2_chr10:121928637:A:T,5.84920867492015e-55,-0.401096545915786,Hippocampus
ENSG00000187624.8,chr17:409513:A:G,ENSG00000187624.8_chr17:409513:A:G,1.81643247331651e-54,0.170616042014117,Hippocampus
ENSG00000103852.12,chr15:99233065:T:C,ENSG00000103852.12_chr15:99233065:T:C,4.56041353855295e-54,-0.118069969156398,Hippocampus
ENSG00000204650.13,chr17:45868952:T:C,ENSG00000204650.13_chr17:45868952:T:C,1.07350919670011e-53,0.143007184286425,Hippocampus
ENSG00000244879.5,chr15:50358198:G:A,ENSG00000244879.5_chr15:50358198:G:A,1.90331073654058e-52,0.35359404330115,Hippocampus
ENSG00000215447.7,chr21:45291559:T:A,ENSG00000215447.7_chr21:45291559:T:A,6.02376300372491e-52,-0.348391053436371,Hippocampus
ENSG00000183346.6,chr10:61663118:A:G,ENSG00000183346.6_chr10:61663118:A:G,1.6860328634382e-50,0.415293574057366,Hippocampus
ENSG00000188732.10,chr7:23680147:G:A,ENSG00000188732.10_chr7:23680147:G:A,2.46045618737527e-50,0.174489828023249,Hippocampus
ENSG00000255893.1,chr11:94436542:C:T,ENSG00000255893.1_chr11:94436542:C:T,9.86631504272799e-50,0.313589539818745,Hippocampus
ENSG00000197083.11,chr5:150949304:T:C,ENSG00000197083.11_chr5:150949304:T:C,2.23018250750506e-49,0.364196140231272,Hippocampus
ENSG00000228408.6,chr6:149210680:T:C,ENSG00000228408.6_chr6:149210680:T:C,4.18021682757912e-48,0.622756049304654,Hippocampus
ENSG00000205464.11,chr5:82273115:G:A,ENSG00000205464.11_chr5:82273115:G:A,5.04897676003684e-48,0.155813237778711,Hippocampus
ENSG00000258289.8,chr14:64911402:G:A,ENSG00000258289.8_chr14:64911402:G:A,1.97313812229976e-47,0.190075440433963,Hippocampus
ENSG00000164346.9,chr5:74701699:A:T,ENSG00000164346.9_chr5:74701699:A:T,6.03752666279266e-47,0.359772979793477,Hippocampus
ENSG00000223745.7,chr1:93276893:C:G,ENSG00000223745.7_chr1:93276893:C:G,8.18099542841654e-47,-0.214672361907962,Hippocampus
ENSG00000259954.1,chr16:27460543:T:C,ENSG00000259954.1_chr16:27460543:T:C,9.99974999751422e-47,-0.17445901484329,Hippocampus
ENSG00000204267.13,chr6:32828188:G:A,ENSG00000204267.13_chr6:32828188:G:A,1.1475130238267901e-46,-0.203917110719702,Hippocampus
ENSG00000127081.13,chr9:92827719:T:C,ENSG00000127081.13_chr9:92827719:T:C,1.30205047611944e-46,-0.104612592544684,Hippocampus
ENSG00000137944.16,chr1:88916981:C:G,ENSG00000137944.16_chr1:88916981:C:G,1.3770489002371e-46,-0.246898974985763,Hippocampus
ENSG00000071894.15,chr8:144362625:G:A,ENSG00000071894.15_chr8:144362625:G:A,1.63528829065704e-46,0.176002165105373,Hippocampus
ENSG00000188321.13,chr19:9324196:C:T,ENSG00000188321.13_chr19:9324196:C:T,5.04601658870317e-46,-0.305207576883515,Hippocampus
ENSG00000015592.16,chr8:27245507:A:G,ENSG00000015592.16_chr8:27245507:A:G,1.45300075729661e-45,-0.265026100120146,Hippocampus
ENSG00000166682.10,chr11:113711782:T:C,ENSG00000166682.10_chr11:113711782:T:C,3.18959796102165e-45,0.384175586208205,Hippocampus
ENSG00000167720.12,chr17:2304032:G:A,ENSG00000167720.12_chr17:2304032:G:A,3.44503944559307e-44,-0.163305746103663,Hippocampus
ENSG00000149231.11,chr11:96364768:C:T,ENSG00000149231.11_chr11:96364768:C:T,4.81115805630694e-44,0.196900319356364,Hippocampus
ENSG00000242110.7,chr5:34004602:C:T,ENSG00000242110.7_chr5:34004602:C:T,6.61110933514998e-44,0.105078507000186,Hippocampus
ENSG00000261338.2,chr2:218202257:C:T,ENSG00000261338.2_chr2:218202257:C:T,2.43146973131765e-43,0.218623716965238,Hippocampus
ENSG00000149089.12,chr11:34837603:G:T,ENSG00000149089.12_chr11:34837603:G:T,1.59761633790898e-42,0.151572806695998,Hippocampus
ENSG00000274627.1,chr16:89507758:C:G,ENSG00000274627.1_chr16:89507758:C:G,2.08888128058222e-41,0.137821881432404,Hippocampus
ENSG00000176998.4,chr6:29814250:C:T,ENSG00000176998.4_chr6:29814250:C:T,2.4928266238052e-41,-0.206845701042391,Hippocampus
ENSG00000117226.11,chr1:89006209:C:T,ENSG00000117226.11_chr1:89006209:C:T,2.56423364307092e-41,-0.321239615507288,Hippocampus
ENSG00000259065.1,chr14:73825425:C:T,ENSG00000259065.1_chr14:73825425:C:T,3.99098058283599e-41,0.471346690342993,Hippocampus
ENSG00000181798.2,chr2:231514081:C:T,ENSG00000181798.2_chr2:231514081:C:T,4.68659223214262e-41,-0.210414746458948,Hippocampus
ENSG00000042317.16,chr14:88473090:C:T,ENSG00000042317.16_chr14:88473090:C:T,1.49200749755746e-40,-0.159380727324243,Hippocampus
ENSG00000259205.2,chr15:100574435:T:C,ENSG00000259205.2_chr15:100574435:T:C,2.04722360106151e-40,-0.245074915809599,Hippocampus
ENSG00000203875.10,chr6:85678170:G:T,ENSG00000203875.10_chr6:85678170:G:T,2.61135206078198e-40,0.163383887457648,Hippocampus
ENSG00000225138.7,chr5:469972:G:A,ENSG00000225138.7_chr5:469972:G:A,2.70994689587448e-40,0.344651022002748,Hippocampus
ENSG00000183066.14,chr22:41992822:A:G,ENSG00000183066.14_chr22:41992822:A:G,3.07455971398584e-40,-0.122053855036284,Hippocampus
ENSG00000140471.16,chr15:100549520:T:C,ENSG00000140471.16_chr15:100549520:T:C,9.55896280952565e-40,-0.160838443977954,Hippocampus
ENSG00000162600.11,chr1:58509738:C:T,ENSG00000162600.11_chr1:58509738:C:T,4.07082784126066e-39,-0.16116443373368,Hippocampus
ENSG00000254031.5,chr8:70768120:T:G,ENSG00000254031.5_chr8:70768120:T:G,5.736994067787e-39,0.146496833736324,Hippocampus
ENSG00000235652.7,chr6:145488847:C:T,ENSG00000235652.7_chr6:145488847:C:T,8.86754390551001e-39,0.137236305551734,Hippocampus
ENSG00000198496.10,chr17:43127753:A:G,ENSG00000198496.10_chr17:43127753:A:G,1.14356284455213e-38,-0.164765005670214,Hippocampus
ENSG00000215237.6,chr9:15000128:T:C,ENSG00000215237.6_chr9:15000128:T:C,2.13891210688622e-38,0.189293958262878,Hippocampus
ENSG00000176896.8,chrX:13658411:G:C,ENSG00000176896.8_chrX:13658411:G:C,6.06048570330588e-38,-0.0744557845816429,Hippocampus
ENSG00000245498.6,chr11:124808045:C:T,ENSG00000245498.6_chr11:124808045:C:T,9.79836750003589e-38,0.0951400894196196,Hippocampus
ENSG00000067533.5,chr1:218285209:T:C,ENSG00000067533.5_chr1:218285209:T:C,1.0508995351771e-37,0.104687567615926,Hippocampus
ENSG00000236682.1,chr2:127207145:G:A,ENSG00000236682.1_chr2:127207145:G:A,1.97189574381489e-37,0.361342712291127,Hippocampus
ENSG00000213640.3,chr7:64896012:C:A,ENSG00000213640.3_chr7:64896012:C:A,3.29065613059332e-37,0.26130489664022,Hippocampus
ENSG00000186468.12,chr5:82273115:G:A,ENSG00000186468.12_chr5:82273115:G:A,3.39752957953118e-37,-0.194389782078558,Hippocampus
ENSG00000234585.6,chr7:64955157:G:C,ENSG00000234585.6_chr7:64955157:G:C,6.0424123125857e-37,0.235275770898667,Hippocampus
ENSG00000283491.1,chr2:231514081:C:T,ENSG00000283491.1_chr2:231514081:C:T,2.09244929052023e-36,-0.302069980712179,Hippocampus
ENSG00000123179.13,chr13:49691102:C:T,ENSG00000123179.13_chr13:49691102:C:T,3.47024569094054e-36,-0.255207816051111,Hippocampus
ENSG00000166268.10,chr12:69711278:C:T,ENSG00000166268.10_chr12:69711278:C:T,3.95840310934277e-36,0.242932009874107,Hippocampus
ENSG00000218510.6,chr1:22027834:T:C,ENSG00000218510.6_chr1:22027834:T:C,6.662461926412e-36,0.195641860844485,Hippocampus
ENSG00000128891.15,chr15:40541180:C:T,ENSG00000128891.15_chr15:40541180:C:T,7.96386437729006e-36,-0.137081775628897,Hippocampus
ENSG00000151773.12,chr13:43822111:G:A,ENSG00000151773.12_chr13:43822111:G:A,1.52441155561093e-35,0.147961641535262,Hippocampus
ENSG00000246174.7,chr11:78136925:G:C,ENSG00000246174.7_chr11:78136925:G:C,1.69197125137797e-35,-0.084847216103419,Hippocampus
ENSG00000133805.15,chr11:10452342:C:T,ENSG00000133805.15_chr11:10452342:C:T,2.55912204099631e-35,0.180238185396197,Hippocampus
ENSG00000135778.11,chr1:232935057:T:C,ENSG00000135778.11_chr1:232935057:T:C,7.31384240990798e-35,0.160572833275225,Hippocampus
ENSG00000271643.1,chr3:33798622:T:C,ENSG00000271643.1_chr3:33798622:T:C,8.48874794460999e-35,0.17413803694888,Hippocampus
ENSG00000268297.1,chr19:7780538:A:C,ENSG00000268297.1_chr19:7780538:A:C,1.5516538564401e-34,0.402729367553116,Hippocampus
ENSG00000231365.5,chr1:119174476:C:T,ENSG00000231365.5_chr1:119174476:C:T,1.73951598206696e-34,-0.128664832522508,Hippocampus
ENSG00000135773.12,chr1:230753630:G:A,ENSG00000135773.12_chr1:230753630:G:A,2.06563453023462e-34,-0.110905260022298,Hippocampus
ENSG00000131401.11,chr19:50342447:G:A,ENSG00000131401.11_chr19:50342447:G:A,2.10096727628437e-34,-0.272383954255114,Hippocampus
ENSG00000111364.15,chr12:123615876:A:G,ENSG00000111364.15_chr12:123615876:A:G,4.06883687244633e-34,-0.114056890773368,Hippocampus
ENSG00000276742.1,chr10:121928637:A:T,ENSG00000276742.1_chr10:121928637:A:T,4.16330050631201e-34,-0.413379617974664,Hippocampus
ENSG00000254614.2,chr11:65176711:A:G,ENSG00000254614.2_chr11:65176711:A:G,8.62646457330286e-34,-0.130722398911477,Hippocampus
ENSG00000188002.10,chr5:1593981:A:G,ENSG00000188002.10_chr5:1593981:A:G,1.02421744375828e-33,-0.135770720380388,Hippocampus
ENSG00000152117.17,chr2:131474964:C:T,ENSG00000152117.17_chr2:131474964:C:T,3.07083461377465e-33,-0.291432068806222,Hippocampus
ENSG00000164106.7,chr4:173411461:G:T,ENSG00000164106.7_chr4:173411461:G:T,1.66555476569615e-32,-0.214067988438425,Hippocampus
ENSG00000095485.16,chr10:100278884:G:A,ENSG00000095485.16_chr10:100278884:G:A,1.67229715075005e-32,0.116979120195368,Hippocampus
ENSG00000110455.13,chr11:44066439:G:T,ENSG00000110455.13_chr11:44066439:G:T,2.40642369707486e-32,0.23148072903142,Hippocampus
ENSG00000065621.14,chr10:104260640:A:C,ENSG00000065621.14_chr10:104260640:A:C,2.59606585370853e-32,-0.163349176364769,Hippocampus
ENSG00000118961.14,chr2:20683456:T:C,ENSG00000118961.14_chr2:20683456:T:C,3.35688438061069e-32,-0.145506164643412,Hippocampus
ENSG00000188312.13,chr9:92199082:C:T,ENSG00000188312.13_chr9:92199082:C:T,3.70116051459872e-32,0.138672151681276,Hippocampus
ENSG00000253741.1,chr8:142730723:A:G,ENSG00000253741.1_chr8:142730723:A:G,3.71101130593569e-32,-0.119249273427433,Hippocampus
ENSG00000269893.6,chr4:118279119:C:T,ENSG00000269893.6_chr4:118279119:C:T,3.76528299199881e-32,0.214491311979411,Hippocampus
ENSG00000178201.4,chr19:57449823:A:T,ENSG00000178201.4_chr19:57449823:A:T,3.79882483686937e-32,-0.145489747532539,Hippocampus
ENSG00000136108.14,chr13:52416582:C:T,ENSG00000136108.14_chr13:52416582:C:T,3.06264079992581e-31,-0.121794692998464,Hippocampus
ENSG00000133028.10,chr17:10672947:T:A,ENSG00000133028.10_chr17:10672947:T:A,4.74825919896769e-31,0.0987056584836365,Hippocampus
ENSG00000226721.2,chr9:92868081:C:T,ENSG00000226721.2_chr9:92868081:C:T,5.15654172146146e-31,-0.214807399020407,Hippocampus
ENSG00000204138.12,chr1:28397869:G:T,ENSG00000204138.12_chr1:28397869:G:T,9.76124411645729e-31,-0.0939364027543336,Hippocampus
ENSG00000162782.15,chr1:179588916:A:G,ENSG00000162782.15_chr1:179588916:A:G,1.26425782871698e-30,0.202792295063442,Hippocampus
ENSG00000182362.13,chr21:46262167:T:C,ENSG00000182362.13_chr21:46262167:T:C,1.5884720164339e-30,-0.163157403521663,Hippocampus
ENSG00000227354.6,chr13:79266137:C:A,ENSG00000227354.6_chr13:79266137:C:A,5.34621795867731e-30,0.290809602330783,Hippocampus
ENSG00000164111.14,chr4:121674826:C:A,ENSG00000164111.14_chr4:121674826:C:A,7.80086195440803e-30,-0.170696605511121,Hippocampus
ENSG00000152348.15,chr5:81966104:A:G,ENSG00000152348.15_chr5:81966104:A:G,9.79217642664015e-30,0.159053406426084,Hippocampus
ENSG00000241316.6,chr3:67651776:A:G,ENSG00000241316.6_chr3:67651776:A:G,1.22407035413496e-29,-0.117126731693046,Hippocampus
ENSG00000237975.6,chr1:152222558:G:A,ENSG00000237975.6_chr1:152222558:G:A,2.94551761549761e-29,-0.149475022164348,Hippocampus
ENSG00000139629.15,chr12:51367846:A:C,ENSG00000139629.15_chr12:51367846:A:C,3.47463068371355e-29,-0.184140162208887,Hippocampus
ENSG00000165568.17,chr10:4836780:G:A,ENSG00000165568.17_chr10:4836780:G:A,4.77242815409046e-29,-0.201309133837736,Hippocampus
ENSG00000240356.6,chr2:113654512:T:C,ENSG00000240356.6_chr2:113654512:T:C,4.97494533946183e-29,0.236834039420843,Hippocampus
ENSG00000272936.1,chr4:44612793:T:C,ENSG00000272936.1_chr4:44612793:T:C,5.94377018829581e-29,0.294504541505574,Hippocampus
ENSG00000165806.19,chr10:113679635:C:T,ENSG00000165806.19_chr10:113679635:C:T,1.14398789967997e-28,0.14595393838287,Hippocampus
ENSG00000172803.17,chr11:65828226:G:A,ENSG00000172803.17_chr11:65828226:G:A,3.88321861633663e-28,0.220915213461145,Hippocampus
ENSG00000177042.14,chr11:654091:G:A,ENSG00000177042.14_chr11:654091:G:A,6.47818624417172e-28,-0.130019609963566,Hippocampus
ENSG00000204525.15,chr6:31208558:C:T,ENSG00000204525.15_chr6:31208558:C:T,2.3128792722186e-27,-0.27577173096488,Hippocampus
ENSG00000173811.10,chr3:42720799:A:C,ENSG00000173811.10_chr3:42720799:A:C,5.06648678482808e-27,-0.158530813647426,Hippocampus
ENSG00000230795.3,chr6:29861474:A:C,ENSG00000230795.3_chr6:29861474:A:C,2.10603541753262e-26,-0.352987487299815,Hippocampus
ENSG00000106610.14,chr7:67317490:A:C,ENSG00000106610.14_chr7:67317490:A:C,2.82477346145688e-26,-0.102706733529102,Hippocampus
ENSG00000148690.11,chr10:93669250:T:C,ENSG00000148690.11_chr10:93669250:T:C,4.47896414814516e-26,0.181864205160326,Hippocampus
ENSG00000134201.10,chr1:109718945:G:A,ENSG00000134201.10_chr1:109718945:G:A,7.54715502329943e-26,-0.454705570719364,Hippocampus
ENSG00000196653.11,chr3:44721338:A:G,ENSG00000196653.11_chr3:44721338:A:G,7.78488212227219e-26,0.161403043231726,Hippocampus
ENSG00000263006.6,chr18:104344:G:A,ENSG00000263006.6_chr18:104344:G:A,1.08286632050077e-25,0.26191563304541,Hippocampus
ENSG00000186529.14,chr19:15640756:C:T,ENSG00000186529.14_chr19:15640756:C:T,1.58246780139434e-25,-0.231682266102095,Hippocampus
ENSG00000230453.9,chr9:33513305:G:C,ENSG00000230453.9_chr9:33513305:G:C,1.61610292424511e-25,0.134597839711624,Hippocampus
ENSG00000065060.16,chr6:34687223:C:T,ENSG00000065060.16_chr6:34687223:C:T,3.02061578724669e-25,0.0729709666637336,Hippocampus
ENSG00000189157.13,chr4:76269527:G:A,ENSG00000189157.13_chr4:76269527:G:A,3.76691932682725e-25,-0.0932797758499698,Hippocampus
ENSG00000230438.6,chr6:2876301:G:A,ENSG00000230438.6_chr6:2876301:G:A,4.64115994992168e-25,-0.206969997794751,Hippocampus
ENSG00000176681.14,chr17:46259631:C:G,ENSG00000176681.14_chr17:46259631:C:G,5.05412786809067e-25,0.179970747300705,Hippocampus
ENSG00000271335.5,chr10:35313967:G:C,ENSG00000271335.5_chr10:35313967:G:C,5.46596197199796e-25,0.141332665707047,Hippocampus
ENSG00000213462.4,chr7:65055772:C:T,ENSG00000213462.4_chr7:65055772:C:T,1.08184578381638e-24,0.171287806320238,Hippocampus
ENSG00000233016.6,chr9:136719546:C:T,ENSG00000233016.6_chr9:136719546:C:T,1.78588640093907e-24,-0.249367637624273,Hippocampus
ENSG00000136059.14,chr3:37995316:A:G,ENSG00000136059.14_chr3:37995316:A:G,2.51649419280351e-24,-0.0813737293904455,Hippocampus
ENSG00000214026.10,chr11:1941470:C:T,ENSG00000214026.10_chr11:1941470:C:T,2.64485349581338e-24,-0.307246369614649,Hippocampus
ENSG00000103168.16,chr16:84174426:T:G,ENSG00000103168.16_chr16:84174426:T:G,2.69288228791093e-24,-0.119630971038131,Hippocampus
ENSG00000163016.9,chr2:73531676:C:T,ENSG00000163016.9_chr2:73531676:C:T,2.82239907297203e-24,0.146475104078369,Hippocampus
ENSG00000154898.15,chr17:20314062:G:A,ENSG00000154898.15_chr17:20314062:G:A,3.00211295261441e-24,0.278455941641543,Hippocampus
ENSG00000204520.12,chr6:31442354:A:G,ENSG00000204520.12_chr6:31442354:A:G,1.3124475176615e-23,-0.194238664768768,Hippocampus
ENSG00000251136.8,chr8:89724618:C:T,ENSG00000251136.8_chr8:89724618:C:T,1.46596759179765e-23,-0.137802886448735,Hippocampus
ENSG00000164989.15,chr9:15720792:A:C,ENSG00000164989.15_chr9:15720792:A:C,2.34353802959077e-23,-0.0733747950113924,Hippocampus
ENSG00000249572.1,chr5:33413136:C:G,ENSG00000249572.1_chr5:33413136:C:G,3.82374132471334e-23,-0.244552205248125,Hippocampus
ENSG00000186446.11,chr3:44842479:G:A,ENSG00000186446.11_chr3:44842479:G:A,7.11284580837921e-23,0.126514471775471,Hippocampus
ENSG00000130348.11,chr6:106641709:T:C,ENSG00000130348.11_chr6:106641709:T:C,1.4212283637786e-22,-0.0750493424055707,Hippocampus
ENSG00000189171.14,chr1:153628302:G:A,ENSG00000189171.14_chr1:153628302:G:A,8.83977799544429e-22,0.205442998910497,Hippocampus
ENSG00000214078.12,chr20:35612055:G:A,ENSG00000214078.12_chr20:35612055:G:A,1.0081273429149e-21,-0.149392436341687,Hippocampus
ENSG00000123427.16,chr12:57814381:G:A,ENSG00000123427.16_chr12:57814381:G:A,1.18398205404929e-21,0.100494704668767,Hippocampus
ENSG00000111254.7,chr12:4648189:T:G,ENSG00000111254.7_chr12:4648189:T:G,1.21287862377958e-21,-0.0904639640259377,Hippocampus
ENSG00000263528.7,chr1:206470431:A:G,ENSG00000263528.7_chr1:206470431:A:G,1.32143588351624e-21,-0.165487621446327,Hippocampus
ENSG00000196071.4,chr1:247965627:G:A,ENSG00000196071.4_chr1:247965627:G:A,1.82305393006713e-21,0.323351396444212,Hippocampus
ENSG00000267199.1,chr18:12438550:A:G,ENSG00000267199.1_chr18:12438550:A:G,5.11644670162156e-21,-0.0910346006859546,Hippocampus
ENSG00000119888.10,chr2:47357483:A:G,ENSG00000119888.10_chr2:47357483:A:G,5.37774492967139e-21,0.331115243157402,Hippocampus
ENSG00000179698.13,chr8:144109615:C:A,ENSG00000179698.13_chr8:144109615:C:A,1.78446030734521e-20,0.179953423599677,Hippocampus
ENSG00000272279.1,chr6:1547737:G:A,ENSG00000272279.1_chr6:1547737:G:A,4.59173335895441e-20,0.301230911236196,Hippocampus
ENSG00000230513.1,chr22:21006953:T:A,ENSG00000230513.1_chr22:21006953:T:A,4.67273410035151e-20,-0.0655739288510413,Hippocampus
ENSG00000021488.12,chr19:32928504:A:G,ENSG00000021488.12_chr19:32928504:A:G,8.34640648483856e-20,-0.0938657824599245,Hippocampus
ENSG00000133313.14,chr18:74497823:T:C,ENSG00000133313.14_chr18:74497823:T:C,1.38383977926999e-19,0.0805151785592094,Hippocampus
ENSG00000230091.6,chr10:80078900:A:C,ENSG00000230091.6_chr10:80078900:A:C,1.54504116216545e-19,0.172222709296419,Hippocampus
ENSG00000196735.11,chr6:32658472:T:C,ENSG00000196735.11_chr6:32658472:T:C,2.47635197186284e-19,-0.18975677232215,Hippocampus
ENSG00000226562.3,chr9:33513305:G:C,ENSG00000226562.3_chr9:33513305:G:C,2.57511592121084e-19,0.150219170307277,Hippocampus
ENSG00000197013.9,chr19:21443468:T:C,ENSG00000197013.9_chr19:21443468:T:C,7.2877594904697e-19,0.0873253456228057,Hippocampus
ENSG00000123297.17,chr12:57724465:T:C,ENSG00000123297.17_chr12:57724465:T:C,9.76007920838336e-19,-0.0857413617516955,Hippocampus
ENSG00000196655.10,chr11:119002031:T:C,ENSG00000196655.10_chr11:119002031:T:C,1.00880928330001e-18,0.0737525732083823,Hippocampus
ENSG00000219669.1,chr6:71021702:C:A,ENSG00000219669.1_chr6:71021702:C:A,2.75457787063238e-18,-0.215510987310613,Hippocampus
ENSG00000232504.4,chr2:85905905:A:G,ENSG00000232504.4_chr2:85905905:A:G,3.71012812583284e-18,-0.223867437294909,Hippocampus
ENSG00000226002.1,chr7:65001701:A:G,ENSG00000226002.1_chr7:65001701:A:G,2.08430911482093e-17,0.304112104712494,Hippocampus
ENSG00000232953.1,chr3:20001342:C:T,ENSG00000232953.1_chr3:20001342:C:T,3.59678711694561e-17,0.0989232578645561,Hippocampus
ENSG00000124587.13,chr6:42988011:T:C,ENSG00000124587.13_chr6:42988011:T:C,1.92482036883824e-16,0.123309390951254,Hippocampus
ENSG00000115523.16,chr2:85706404:C:G,ENSG00000115523.16_chr2:85706404:C:G,2.4152022276964e-16,-0.172864819766063,Hippocampus
ENSG00000161692.17,chr17:44594583:T:A,ENSG00000161692.17_chr17:44594583:T:A,2.64347501299751e-16,-0.108477647859239,Hippocampus
ENSG00000197417.7,chr17:3605864:G:C,ENSG00000197417.7_chr17:3605864:G:C,2.6587174855017e-16,0.0904744991130072,Hippocampus
ENSG00000198039.11,chr7:64851777:G:A,ENSG00000198039.11_chr7:64851777:G:A,3.27482195476853e-16,0.0906839243563924,Hippocampus
ENSG00000255284.1,chr11:762441:A:C,ENSG00000255284.1_chr11:762441:A:C,3.32685736230021e-16,0.136394128889245,Hippocampus
ENSG00000147403.16,chrX:154394242:C:A,ENSG00000147403.16_chrX:154394242:C:A,3.95710072834958e-16,-0.108788258682741,Hippocampus
ENSG00000135678.11,chr12:68980996:G:A,ENSG00000135678.11_chr12:68980996:G:A,4.69057013292772e-16,-0.160252178672746,Hippocampus
ENSG00000181007.8,chr19:36385941:A:C,ENSG00000181007.8_chr19:36385941:A:C,5.42404731435538e-16,-0.058781276141397,Hippocampus
ENSG00000158683.7,chr7:47981187:A:T,ENSG00000158683.7_chr7:47981187:A:T,1.65359088180239e-15,-0.0477092834113806,Hippocampus
ENSG00000228701.1,chr10:91883438:C:T,ENSG00000228701.1_chr10:91883438:C:T,2.07039326736631e-15,0.101103029904506,Hippocampus
ENSG00000154479.12,chr2:169687010:C:G,ENSG00000154479.12_chr2:169687010:C:G,3.03493661919596e-15,-0.144694171863574,Hippocampus
ENSG00000128039.10,chr4:55350848:C:T,ENSG00000128039.10_chr4:55350848:C:T,4.41374149545139e-15,0.150136352064788,Hippocampus
ENSG00000276127.1,chr6:71013687:G:A,ENSG00000276127.1_chr6:71013687:G:A,5.41200245619741e-15,-0.19451258201633,Hippocampus
ENSG00000228716.6,chr5:80655314:T:C,ENSG00000228716.6_chr5:80655314:T:C,8.51340497602834e-15,0.176116161543653,Hippocampus
ENSG00000167232.13,chr19:23402852:C:T,ENSG00000167232.13_chr19:23402852:C:T,1.35929712849979e-14,0.130975800988039,Hippocampus
ENSG00000167670.15,chr19:4437453:A:G,ENSG00000167670.15_chr19:4437453:A:G,1.90159024200466e-14,-0.0832491062660955,Hippocampus
ENSG00000184788.12,chrX:85145927:C:T,ENSG00000184788.12_chrX:85145927:C:T,1.96009905257115e-14,-0.0896749715858171,Hippocampus
ENSG00000226496.2,chr21:41148207:T:C,ENSG00000226496.2_chr21:41148207:T:C,7.41224638530187e-14,-0.195990989119681,Hippocampus
ENSG00000197134.11,chr19:22134957:A:G,ENSG00000197134.11_chr19:22134957:A:G,1.12132455346307e-13,0.0898336972899915,Hippocampus
ENSG00000273270.1,chr7:128531040:A:G,ENSG00000273270.1_chr7:128531040:A:G,2.25912095332017e-13,-0.070721168085361,Hippocampus
ENSG00000184343.10,chrX:153783890:G:A,ENSG00000184343.10_chrX:153783890:G:A,2.59808475587509e-13,-0.0549347242703006,Hippocampus
ENSG00000196378.11,chr8:144783791:T:C,ENSG00000196378.11_chr8:144783791:T:C,4.85776848404898e-13,0.0734641549130765,Hippocampus
ENSG00000248124.7,chr16:21795562:C:G,ENSG00000248124.7_chr16:21795562:C:G,1.432234691405e-12,-0.102323854285836,Hippocampus
ENSG00000257815.5,chr12:70198588:G:A,ENSG00000257815.5_chr12:70198588:G:A,2.2334537636714e-12,0.137492344064642,Hippocampus
ENSG00000196151.10,chr2:159216284:G:A,ENSG00000196151.10_chr2:159216284:G:A,2.3812241008061e-12,-0.0995682133078796,Hippocampus
ENSG00000272864.1,chr1:74703926:T:C,ENSG00000272864.1_chr1:74703926:T:C,2.97260964881133e-12,-0.166510653031135,Hippocampus
ENSG00000100106.19,chr22:37742372:G:C,ENSG00000100106.19_chr22:37742372:G:C,4.70887397033424e-12,-0.0402273104386277,Hippocampus
ENSG00000037042.8,chr17:42489154:C:T,ENSG00000037042.8_chr17:42489154:C:T,6.02840158577495e-12,0.0996186674340188,Hippocampus
ENSG00000139323.13,chr12:89432335:C:G,ENSG00000139323.13_chr12:89432335:C:G,9.23908371436306e-12,-0.0510308174361019,Hippocampus
ENSG00000086619.13,chr1:236270824:T:C,ENSG00000086619.13_chr1:236270824:T:C,1.57922712173844e-11,-0.107737919056542,Hippocampus
ENSG00000136279.19,chr7:44025307:A:G,ENSG00000136279.19_chr7:44025307:A:G,1.89323020551009e-11,-0.0529053688246173,Hippocampus
ENSG00000119943.11,chr10:98407565:C:T,ENSG00000119943.11_chr10:98407565:C:T,1.94500156981539e-11,0.0853764943809633,Hippocampus
ENSG00000182118.6,chr1:231039252:A:G,ENSG00000182118.6_chr1:231039252:A:G,3.65491465957788e-11,-0.136575812539019,Hippocampus
ENSG00000125804.13,chr20:26092151:G:A,ENSG00000125804.13_chr20:26092151:G:A,5.83490418444578e-11,-0.209248266249056,Hippocampus
ENSG00000234373.1,chr9:33481747:G:A,ENSG00000234373.1_chr9:33481747:G:A,6.53935358972916e-11,-0.163399299450044,Hippocampus
ENSG00000140545.14,chr15:88953480:T:C,ENSG00000140545.14_chr15:88953480:T:C,8.26386158949423e-11,0.142092729051215,Hippocampus
ENSG00000133302.12,chr5:94734684:C:T,ENSG00000133302.12_chr5:94734684:C:T,1.15032932816914e-10,0.0591224619654652,Hippocampus
ENSG00000189423.11,chr17:20314062:G:A,ENSG00000189423.11_chr17:20314062:G:A,1.30355621931513e-10,0.208651052632406,Hippocampus
ENSG00000175322.11,chr18:14132403:G:C,ENSG00000175322.11_chr18:14132403:G:C,1.41971819965858e-10,0.0649088137016338,Hippocampus
ENSG00000156711.16,chr6:36130353:G:A,ENSG00000156711.16_chr6:36130353:G:A,2.79243551030867e-10,0.0883933182737979,Hippocampus
ENSG00000180113.15,chr6:46719682:C:T,ENSG00000180113.15_chr6:46719682:C:T,5.79699392759401e-10,-0.10407519641468,Hippocampus
ENSG00000168803.14,chr15:43359058:G:C,ENSG00000168803.14_chr15:43359058:G:C,1.31488150352697e-9,-0.0921926792108581,Hippocampus
ENSG00000144741.17,chr3:66260027:C:T,ENSG00000144741.17_chr3:66260027:C:T,2.5396860585973e-9,-0.0646266950718515,Hippocampus
ENSG00000183060.15,chr15:99576927:G:A,ENSG00000183060.15_chr15:99576927:G:A,2.81026150164143e-9,-0.100098628088882,Hippocampus
ENSG00000188707.5,chr7:150338094:C:T,ENSG00000188707.5_chr7:150338094:C:T,3.54838029147235e-9,-0.0736701261011734,Hippocampus
ENSG00000248794.1,chr5:81307800:C:G,ENSG00000248794.1_chr5:81307800:C:G,3.6254026037466e-9,0.222790829571573,Hippocampus
ENSG00000146070.16,chr6:46732969:C:T,ENSG00000146070.16_chr6:46732969:C:T,4.33780705884396e-9,0.107667494859038,Hippocampus
ENSG00000130827.6,chrX:154611562:T:G,ENSG00000130827.6_chrX:154611562:T:G,4.92107500079999e-9,0.0573224960770154,Hippocampus
ENSG00000205809.9,chr12:10455822:A:G,ENSG00000205809.9_chr12:10455822:A:G,5.27390152270728e-9,-0.295404152772109,Hippocampus
ENSG00000250950.1,chr4:119304800:A:G,ENSG00000250950.1_chr4:119304800:A:G,8.14229090613285e-9,-0.16011924026719,Hippocampus
ENSG00000198874.12,chr7:67318292:T:C,ENSG00000198874.12_chr7:67318292:T:C,1.07066460668117e-8,0.0669085838741434,Hippocampus
ENSG00000174165.7,chr11:66431891:T:G,ENSG00000174165.7_chr11:66431891:T:G,1.32269906806496e-8,-0.0447662234814282,Hippocampus
ENSG00000237840.6,chr10:45450242:C:A,ENSG00000237840.6_chr10:45450242:C:A,1.83420646626683e-8,-0.0564075239891431,Hippocampus
ENSG00000260760.1,chr15:24400555:G:T,ENSG00000260760.1_chr15:24400555:G:T,2.51784022658665e-8,-0.543432032243943,Hippocampus
ENSG00000167695.14,chr17:731840:A:C,ENSG00000167695.14_chr17:731840:A:C,2.83761653707036e-8,0.0688571991382675,Hippocampus
ENSG00000261701.6,chr16:72106654:G:A,ENSG00000261701.6_chr16:72106654:G:A,5.73355785737966e-8,0.505704048550963,Hippocampus
ENSG00000101639.18,chr18:13172333:A:G,ENSG00000101639.18_chr18:13172333:A:G,7.1286350852549e-8,0.0661017221984864,Hippocampus
ENSG00000269940.1,chr14:103636381:C:T,ENSG00000269940.1_chr14:103636381:C:T,1.0123113233991e-7,-0.105983320411523,Hippocampus
ENSG00000227001.3,chr1:21440283:G:C,ENSG00000227001.3_chr1:21440283:G:C,1.55520659515042e-7,-0.231266195056551,Hippocampus
ENSG00000101452.14,chr20:39006061:T:C,ENSG00000101452.14_chr20:39006061:T:C,2.55762631434535e-7,-0.0492686071335023,Hippocampus
ENSG00000149292.16,chr11:113360892:C:T,ENSG00000149292.16_chr11:113360892:C:T,3.35599782630662e-7,-0.0821381243120523,Hippocampus
ENSG00000163374.19,chr1:155334790:C:A,ENSG00000163374.19_chr1:155334790:C:A,5.56647801948636e-7,0.0560771938524034,Hippocampus
ENSG00000240207.6,chr3:158602914:C:A,ENSG00000240207.6_chr3:158602914:C:A,5.6576179813943e-7,0.0580363451201382,Hippocampus
ENSG00000117242.7,chr1:20653087:T:G,ENSG00000117242.7_chr1:20653087:T:G,1.45374883191602e-6,-0.0575161911266234,Hippocampus
ENSG00000125779.21,chr20:3931990:G:T,ENSG00000125779.21_chr20:3931990:G:T,1.53527584974206e-6,0.0422197106681486,Hippocampus
ENSG00000093072.15,chr22:17204461:C:A,ENSG00000093072.15_chr22:17204461:C:A,2.11983070469733e-6,0.0732216741405842,Hippocampus
ENSG00000125450.10,chr17:75195171:C:G,ENSG00000125450.10_chr17:75195171:C:G,5.15713337480004e-6,0.051446160414291,Hippocampus
ENSG00000260163.1,chr2:127020298:T:C,ENSG00000260163.1_chr2:127020298:T:C,5.45061848405884e-6,0.0413005794260594,Hippocampus
ENSG00000275764.1,chr12:27031108:T:C,ENSG00000275764.1_chr12:27031108:T:C,7.59465910034625e-6,0.0652091843444547,Hippocampus
ENSG00000183091.19,chr2:151829177:C:T,ENSG00000183091.19_chr2:151829177:C:T,8.30943994235308e-6,-0.0752585030243305,Hippocampus
ENSG00000188801.9,chr9:97316062:G:A,ENSG00000188801.9_chr9:97316062:G:A,8.89013012350856e-6,-0.180321912875425,Hippocampus
ENSG00000103472.9,chr16:29161374:G:A,ENSG00000103472.9_chr16:29161374:G:A,2.12995854577015e-5,-0.0641919706648983,Hippocampus
ENSG00000214826.5,chr12:9588243:G:A,ENSG00000214826.5_chr12:9588243:G:A,2.59532496825231e-5,0.0594330209655125,Hippocampus
ENSG00000180953.11,chr15:79897191:G:A,ENSG00000180953.11_chr15:79897191:G:A,2.76556704003625e-5,-0.0769233032497777,Hippocampus
ENSG00000225265.1,chr1:222565958:C:T,ENSG00000225265.1_chr1:222565958:C:T,3.16769222374572e-5,-0.0956948032027249,Hippocampus
ENSG00000100350.14,chr22:36385523:G:A,ENSG00000100350.14_chr22:36385523:G:A,6.51471367678649e-5,0.105505298087505,Hippocampus
ENSG00000114904.12,chr3:52550699:A:G,ENSG00000114904.12_chr3:52550699:A:G,7.12456573303855e-5,-0.0350022010839245,Hippocampus
ENSG00000225177.5,chr6:138694212:C:G,ENSG00000225177.5_chr6:138694212:C:G,7.31572926645648e-5,0.134962052166155,Hippocampus
ENSG00000122507.20,chr7:32996814:G:C,ENSG00000122507.20_chr7:32996814:G:C,1.29220798477053e-4,-0.073488890877397,Hippocampus
ENSG00000225345.3,chr9:38643132:A:G,ENSG00000225345.3_chr9:38643132:A:G,1.63026133882634e-4,-0.220823809806468,Hippocampus
ENSG00000167671.11,chr19:4422181:T:A,ENSG00000167671.11_chr19:4422181:T:A,1.85340646365641e-4,-0.0482135822704466,Hippocampus
ENSG00000189269.12,chr22:23649233:C:T,ENSG00000189269.12_chr22:23649233:C:T,1.96510192494635e-4,-0.0702097365079158,Hippocampus
ENSG00000149179.13,chr11:47161375:G:A,ENSG00000149179.13_chr11:47161375:G:A,3.16629157924862e-4,0.0704355875050095,Hippocampus
ENSG00000108587.15,chr17:30204995:G:A,ENSG00000108587.15_chr17:30204995:G:A,3.60270188515078e-4,-0.0261524871554019,Hippocampus
ENSG00000125877.12,chr20:3429949:C:T,ENSG00000125877.12_chr20:3429949:C:T,3.93290080524451e-4,-0.0785073909134002,Hippocampus
ENSG00000230305.2,chr7:76505817:G:A,ENSG00000230305.2_chr7:76505817:G:A,4.33246707959997e-4,0.0812074961919054,Hippocampus
ENSG00000137804.12,chr15:41296564:A:G,ENSG00000137804.12_chr15:41296564:A:G,4.63480031142192e-4,0.0448433944155783,Hippocampus
ENSG00000198093.10,chr19:51853993:T:C,ENSG00000198093.10_chr19:51853993:T:C,8.57132914541749e-4,-0.0588138096906594,Hippocampus
ENSG00000255246.1,chr11:82733174:C:G,ENSG00000255246.1_chr11:82733174:C:G,0.00155007614608919,0.0888063812092786,Hippocampus
ENSG00000130669.17,chr19:39160846:A:G,ENSG00000130669.17_chr19:39160846:A:G,0.00170700858906745,-0.0234843985335112,Hippocampus
ENSG00000197256.10,chr19:11152422:C:T,ENSG00000197256.10_chr19:11152422:C:T,0.00197150277409868,0.0587132134967225,Hippocampus
ENSG00000166140.17,chr15:40799884:T:C,ENSG00000166140.17_chr15:40799884:T:C,0.00295443232432783,-0.0305432606393807,Hippocampus
ENSG00000235314.1,chr7:44083325:G:A,ENSG00000235314.1_chr7:44083325:G:A,0.00305381659228597,-0.0696357017751215,Hippocampus
ENSG00000170430.9,chr10:129638297:A:G,ENSG00000170430.9_chr10:129638297:A:G,0.00324211689578667,-0.0387162210624994,Hippocampus
ENSG00000226314.7,chr6:28558878:A:C,ENSG00000226314.7_chr6:28558878:A:C,0.0113935737262306,0.0556440194173635,Hippocampus
ENSG00000204257.14,chr6:32839713:C:T,ENSG00000204257.14_chr6:32839713:C:T,0.012168990952105,0.133733933435145,Hippocampus
ENSG00000197181.11,chr8:22319731:A:T,ENSG00000197181.11_chr8:22319731:A:T,0.0133965366902313,-0.0479927532085565,Hippocampus
ENSG00000121578.12,chr3:119303060:A:C,ENSG00000121578.12_chr3:119303060:A:C,0.027837907883384,0.0293984889721563,Hippocampus
