seqnames	start	end	width	strand	Length	gencodeID	ensemblID	gene_type	Symbol	EntrezID	Class	meanExprs	NumTx	gencodeTx	MGI_Symbol	logFC	AveExpr	t	P.Value	adj.P.Val	B
ENSG00000215915.9	chr1	1449689	1470158	20470	+	3976	ENSG00000215915.9	ENSG00000215915	protein_coding	ATAD3C	219293	InGen	0.439731922138709	3	ENST00000378785.6;ENST00000475091.2;ENST00000484537.2	ATAD3C	0.672930432374011	0.462208528026848	4.15744101958876	0.000119477171167573	0.0551098674091125	0.882446154385113
ENSG00000197921.5	chr1	2528745	2530245	1501	-	1306	ENSG00000197921.5	ENSG00000197921	protein_coding	HES5	388585	InGen	2.76305296919443	1	ENST00000378453.3	HES5	-0.66243940274195	1.46023695230133	-4.36629686559913	5.97313305388452e-05	0.0430427864633073	1.6705099090369
ENSG00000116285.12	chr1	8004404	8026308	21905	-	4186	ENSG00000116285.12	ENSG00000116285	protein_coding	ERRFI1	54206	InGen	6.92346698201117	5	ENST00000474874.5;ENST00000377482.9;ENST00000467067.1;ENST00000469499.5;ENST00000487559.1	ERRFI1	0.253194467901459	4.8211077633034	3.60803425225322	0.000688597661996681	0.0984540650995368	-0.669324660636713
ENSG00000228526.5	chr1	9148011	9196983	48973	-	4571	ENSG00000228526.5	ENSG00000228526	lincRNA	MIR34A	407040	InGen	0.720466931532196	4	ENST00000635687.1;ENST00000385130.1;ENST00000635405.1;ENST00000437157.3	MIR34A	0.5340431419833	1.50162887375172	4.1100276922771	0.000139570215176221	0.0567153538669658	0.9264199827194
ENSG00000183888.4	chr1	16004236	16008807	4572	+	3039	ENSG00000183888.4	ENSG00000183888	protein_coding	C1orf64	149563	InGen	1.60604803336518	1	ENST00000329454.2	C1orf64	0.546588075204927	2.05174595324899	4.69871156691138	1.93072238868463e-05	0.0313825133406482	2.71523525090957
ENSG00000207389.1	chr1	16740516	16740679	164	+	164	ENSG00000207389.1	ENSG00000207389	snRNA	RNU1-4	6060	InGen	13.0067992542832	1	ENST00000384659.1	RNU1-4	-0.678163043111779	0.802847896217237	-3.64755234864456	0.00060945049933349	0.0984540650995368	-0.370252870554357
ENSG00000271840.1	chr1	22100613	22101360	748	+	748	ENSG00000271840.1	ENSG00000271840	lincRNA	RP1-224A6.9	NA	InGen	1.04627725813594	1	ENST00000606754.1	RP1-224A6.9	0.39934236387784	-0.412621489942873	4.27219239753017	8.17692476013695e-05	0.0465185249604191	0.936677713588953
ENSG00000169641.13	chr1	23084023	23177808	93786	-	9658	ENSG00000169641.13	ENSG00000169641	protein_coding	LUZP1	7798	InGen	12.6377269216896	5	ENST00000418342.5;ENST00000302291.8;ENST00000314174.5;ENST00000471849.5;ENST00000475164.2	LUZP1	0.267948194296895	6.82842801549399	4.70836918091369	1.86759534193752e-05	0.0313825133406482	2.64307074950385
ENSG00000009780.15	chr1	27725979	27763122	37144	+	4034	ENSG00000009780.15	ENSG00000009780	protein_coding	FAM76A	199870	InGen	3.47554642233752	7	ENST00000373954.10;ENST00000419687.6;ENST00000530324.5;ENST00000234549.11;ENST00000373949.5;ENST00000010299.10;ENST00000446647.1	FAM76A	-0.205659699811639	3.79854678988594	-4.33556331468675	6.62022115580838e-05	0.0430427864633073	1.57126183897467
ENSG00000142910.15	chr1	31576485	31587686	11202	+	5281	ENSG00000142910.15	ENSG00000142910	protein_coding	TINAGL1	64129	InGen	1.43188748332667	11	ENST00000457433.6;ENST00000271064.11;ENST00000461030.5;ENST00000466998.1;ENST00000478398.5;ENST00000481165.5;ENST00000468635.5;ENST00000537531.2;ENST00000498429.5;ENST00000463112.1;ENST00000480586.1	TINAGL1	0.489125280550897	2.74722632471585	3.62511115959268	0.000653259249463071	0.0984540650995368	-0.462390801676137
ENSG00000186603.5	chr1	45326905	45328533	1629	+	1629	ENSG00000186603.5	ENSG00000186603	protein_coding	HPDL	84842	InGen	0.82679218406798	1	ENST00000334815.4	HPDL	-0.686791227975319	0.281622192766067	-4.3412261610523	6.4960730169363e-05	0.0430427864633073	1.35688904171442
ENSG00000117480.15	chr1	46394265	46413848	19584	+	2776	ENSG00000117480.15	ENSG00000117480	protein_coding	FAAH	2166	InGen	12.1624671168892	6	ENST00000243167.8;ENST00000468718.5;ENST00000493735.5;ENST00000484697.5;ENST00000489366.2;ENST00000493636.1	FAAH	-0.220334660496127	5.03311589966691	-3.6648590904423	0.000577600119063543	0.0976206400829826	-0.518399184514291
ENSG00000081985.10	chr1	67307364	67396900	89537	+	4233	ENSG00000081985.10	ENSG00000081985	protein_coding	IL12RB2	3595	InGen	1.04100340321843	6	ENST00000262345.5;ENST00000541374.5;ENST00000544434.5;ENST00000371000.5;ENST00000441640.3;ENST00000465396.1	IL12RB2	-0.818612110962779	1.45585694584832	-3.86349883786573	0.0003092832484672	0.0926059158173631	0.239139754989736
ENSG00000233008.5	chr1	83575776	83861023	285248	-	5425	ENSG00000233008.5	ENSG00000233008	lincRNA	RP11-475O6.1	101927560	InGen	0.192443978306046	5	ENST00000417975.1;ENST00000457273.5;ENST00000417565.5;ENST00000413975.5;ENST00000419733.1	RP11-475O6.1	0.420001160415406	-0.0519372812531558	3.71733161758651	0.000490485624199943	0.0976206400829826	-0.342389780265489
ENSG00000143067.4	chr1	119619422	119647773	28352	-	5041	ENSG00000143067.4	ENSG00000143067	protein_coding	ZNF697	90874	InGen	1.99546174131757	1	ENST00000421812.2	ZNF697	0.333946726704537	3.22958431633917	3.72373671724172	0.000480757993357106	0.0976206400829826	-0.219672869834836
ENSG00000131781.12	chr1	147175351	147243050	67700	-	5986	ENSG00000131781.12	ENSG00000131781	protein_coding	FMO5	2330	InGen	0.583537553177481	9	ENST00000527849.5;ENST00000441068.6;ENST00000578284.5;ENST00000254090.8;ENST00000369272.7;ENST00000619062.1;ENST00000533174.5;ENST00000533848.2;ENST00000478432.1	FMO5	0.344331928413865	1.67869602087124	3.57605031580888	0.000759758132678327	0.0999367402729943	-0.543681544944458
ENSG00000162747.9	chr1	161623196	161631963	8768	-	3073	ENSG00000162747.9	ENSG00000162747	protein_coding	FCGR3B	2215	InGen	0.298789656409921	9	ENST00000367964.6;ENST00000613418.4;ENST00000614870.4;ENST00000294800.7;ENST00000531221.5;ENST00000421702.2;ENST00000533780.1;ENST00000534776.1;ENST00000534489.1	FCGR3B	1.45003296336847	-0.812395285722755	4.11907229850758	0.000135500203863731	0.0560625934386013	0.449151850095394
ENSG00000227141.2	chr1	179586705	179589175	2471	+	2471	ENSG00000227141.2	ENSG00000227141	processed_pseudogene	RP11-545A16.3	NA	InGen	0.227062555936404	1	ENST00000427215.2	RP11-545A16.3	-0.708230884464777	-1.05366211018874	-3.7653317485571	0.000421946728414714	0.0976206400829826	-0.456863307114328
ENSG00000135828.11	chr1	182573634	182589256	15623	-	6125	ENSG00000135828.11	ENSG00000135828	protein_coding	RNASEL	6041	InGen	2.40866016477486	2	ENST00000367559.7;ENST00000539397.1	RNASEL	0.320187127021984	3.82446288989839	3.65996218648723	0.000586446675412941	0.0976206400829826	-0.450196218122894
ENSG00000196878.13	chr1	209614870	209652466	37597	-	4749	ENSG00000196878.13	ENSG00000196878	protein_coding	LAMB3	3914	InGen	0.577757952226915	6	ENST00000356082.8;ENST00000391911.5;ENST00000367030.7;ENST00000455193.1;ENST00000583107.1;ENST00000415782.1	LAMB3	-0.307786874909747	1.38721221693095	-3.69169761395331	0.000531339724646661	0.0976206400829826	-0.23540522612234
ENSG00000143756.11	chr1	224114087	224162047	47961	+	6044	ENSG00000143756.11	ENSG00000143756	protein_coding	FBXO28	23219	InGen	8.3068061028133	5	ENST00000366862.9;ENST00000424254.6;ENST00000523990.1;ENST00000483773.1;ENST00000519894.1	FBXO28	0.134376154718471	5.62497054742894	3.63493485250263	0.000633723359652393	0.0984540650995368	-0.641501383132963
ENSG00000115137.11	chr2	24943636	24972094	28459	-	5624	ENSG00000115137.11	ENSG00000115137	protein_coding	DNAJC27	51277	InGen	5.99813721445771	7	ENST00000264711.6;ENST00000534855.5;ENST00000380809.7;ENST00000494239.5;ENST00000468467.5;ENST00000468750.5;ENST00000492985.1	DNAJC27	0.242527804315775	5.03477361466795	3.67689418186309	0.000556397707894677	0.0976206400829826	-0.490801213880746
ENSG00000144118.13	chr2	120240064	120294713	54650	+	2915	ENSG00000144118.13	ENSG00000144118	protein_coding	RALB	5899	InGen	18.8781510771662	8	ENST00000447591.5;ENST00000272519.9;ENST00000420510.5;ENST00000431732.5;ENST00000631312.2;ENST00000470417.1;ENST00000412383.5;ENST00000449649.1	RALB	0.271684943486535	5.69495721058856	3.83989874939343	0.000333375599533956	0.096029052442971	-0.0474285100205503
ENSG00000153250.18	chr2	160272151	160493794	221644	-	11765	ENSG00000153250.18	ENSG00000153250	protein_coding	RBMS1	5937	InGen	2.24080385062451	16	ENST00000474820.5;ENST00000348849.7;ENST00000392753.7;ENST00000474147.5;ENST00000409075.5;ENST00000409289.6;ENST00000475103.5;ENST00000490637.5;ENST00000409972.5;ENST00000477965.1;ENST00000464200.1;ENST00000491781.5;ENST00000492283.1;ENST00000428519.1;ENST00000477486.1;ENST00000585005.1	RBMS1	0.231962912644326	4.69291040611718	4.39031376664829	5.51074141019952e-05	0.0430427864633073	1.69063755144138
ENSG00000163492.14	chr2	178830269	179050086	219818	-	12649	ENSG00000163492.14	ENSG00000163492	protein_coding	CCDC141	285025	InGen	0.599564485978303	7	ENST00000472828.1;ENST00000480419.1;ENST00000343876.6;ENST00000443758.5;ENST00000446116.5;ENST00000409284.1;ENST00000498142.1	CCDC141	-0.774988876072577	2.74590292607176	-4.73913218821762	1.67969355677501e-05	0.0313825133406482	2.86844588836478
ENSG00000124006.14	chr2	219550729	219571859	21131	-	9611	ENSG00000124006.14	ENSG00000124006	protein_coding	OBSL1	23363	InGen	7.11862331261336	15	ENST00000462534.5;ENST00000489804.5;ENST00000465149.1;ENST00000404537.5;ENST00000373876.5;ENST00000596474.1;ENST00000603926.5;ENST00000604031.5;ENST00000456147.1;ENST00000472388.1;ENST00000373873.8;ENST00000289656.3;ENST00000462385.1;ENST00000465589.1;ENST00000491370.1	OBSL1	-0.138119373351462	6.03563367764271	-3.68637968913358	0.000540214372003355	0.0976206400829826	-0.509923845885586
ENSG00000168505.6	chr2	236165236	236168369	3134	-	2315	ENSG00000168505.6	ENSG00000168505	protein_coding	GBX2	2637	InGen	2.93062036054186	3	ENST00000306318.4;ENST00000551105.1;ENST00000465889.1	GBX2	-0.841108475538325	2.13049380964297	-4.08449326079591	0.000151709878934187	0.059522586293558	0.873421119995005
ENSG00000233611.3	chr2	236167447	236294927	127481	+	1115	ENSG00000233611.3	ENSG00000233611	antisense	AC079135.1	NA	InGen	0.691783337383594	2	ENST00000415226.1;ENST00000483218.1	AC079135.1	-0.71975239421403	-0.695401394850135	-4.36250881466584	6.04943179657364e-05	0.0430427864633073	1.10320776823552
ENSG00000070950.9	chr3	8775402	8963773	188372	-	6983	ENSG00000070950.9	ENSG00000070950	protein_coding	RAD18	56852	InGen	1.1685102038738	10	ENST00000427329.5;ENST00000264926.6;ENST00000415439.5;ENST00000473069.1;ENST00000429790.1;ENST00000495087.5;ENST00000418463.5;ENST00000421052.5;ENST00000413832.1;ENST00000469793.1	RAD18	0.186821978799396	3.00253671331298	3.77279467215138	0.000412153360742691	0.0976206400829826	-0.0632384087380533
ENSG00000206384.10	chr3	130560334	130678155	117822	+	9720	ENSG00000206384.10	ENSG00000206384	protein_coding	COL6A6	131873	InGen	0.0582475280722364	3	ENST00000358511.10;ENST00000506143.5;ENST00000511332.1	COL6A6	-1.48172009683508	-2.05736396821805	-3.75933506978762	0.000429977541111155	0.0976206400829826	-0.858686265434748
ENSG00000273486.1	chr3	136837338	136839021	1684	-	1684	ENSG00000273486.1	ENSG00000273486	antisense	RP11-731C17.2	NA	InGen	0.610377391435229	1	ENST00000609553.1	RP11-731C17.2	0.428219883912471	-0.0211799050094699	4.23373665545298	9.28935004489682e-05	0.0480676012148947	0.987881578292412
ENSG00000182580.2	chr3	184561784	184582409	20626	+	4532	ENSG00000182580.2	ENSG00000182580	protein_coding	EPHB3	2049	InGen	2.93931725413976	3	ENST00000330394.2;ENST00000482987.1;ENST00000473079.1	EPHB3	-0.279444270662979	3.65200852145254	-3.69914948251701	0.000519138671701073	0.0976206400829826	-0.322425484830672
ENSG00000168993.14	chr4	784957	826198	41242	-	2418	ENSG00000168993.14	ENSG00000168993	protein_coding	CPLX1	10815	InGen	26.3514949888078	4	ENST00000304062.10;ENST00000505203.1;ENST00000506404.1;ENST00000504062.1	CPLX1	0.616149811852662	5.50801534751411	3.69782942312694	0.000521280270047414	0.0976206400829826	-0.452702215633829
ENSG00000169676.5	chr4	9781680	9784009	2330	+	2330	ENSG00000169676.5	ENSG00000169676	protein_coding	DRD5	1816	InGen	0.60149814435605	1	ENST00000304374.3	DRD5	-1.03804227345379	-0.257017231630753	-3.72352684951157	0.000481073772964598	0.0976206400829826	-0.341124987856856
ENSG00000261490.1	chr4	10068089	10073019	4931	-	3510	ENSG00000261490.1	ENSG00000261490	sense_overlapping	RP11-448G15.3	NA	InGen	0.485633204561342	1	ENST00000561486.1	RP11-448G15.3	0.375162484037798	0.67829009915231	3.67302958947514	0.000563123412561321	0.0976206400829826	-0.333879313404996
ENSG00000180015.12	chr4	188738373	188739494	1122	+	1122	ENSG00000180015.12	ENSG00000180015	processed_pseudogene	RP11-756P10.3	NA	InGen	0.535508005455225	1	ENST00000504731.1	RP11-756P10.3	1.21108764264401	-1.09782486749632	3.70789788563929	0.000505157405304156	0.0976206400829826	-0.718293292755481
ENSG00000180104.15	chr5	443158	471937	28780	+	8182	ENSG00000180104.15	ENSG00000180104	protein_coding	EXOC3	11336	InGen	6.69419980106976	10	ENST00000512944.5;ENST00000510441.1;ENST00000515601.6;ENST00000508022.1;ENST00000315013.9;ENST00000503889.2;ENST00000510028.1;ENST00000511015.1;ENST00000505947.1;ENST00000509294.1	EXOC3	-0.119822045221548	5.75916537386682	-3.77483218410539	0.000409517770275228	0.0976206400829826	-0.240878945193696
ENSG00000213949.8	chr5	52787896	52959210	171315	+	18566	ENSG00000213949.8	ENSG00000213949	protein_coding	ITGA1	3672	InGen	1.11407599803851	7	ENST00000282588.6;ENST00000504086.1;ENST00000514262.5;ENST00000513737.5;ENST00000509049.1;ENST00000504669.5;ENST00000506275.1	ITGA1	0.36904971563114	4.25935466591649	3.87661781997523	0.000296624946289566	0.0926059158173631	0.146294972356125
ENSG00000250148.1	chr5	60743563	60744970	1408	-	1408	ENSG00000250148.1	ENSG00000250148	processed_pseudogene	KRT8P31	NA	InGen	0.471771819296908	1	ENST00000504812.1	KRT8P31	0.668965309946813	-0.797679390170232	4.60580956362367	2.65511171002879e-05	0.04027981471561	1.56580236944736
ENSG00000261269.1	chr5	72439903	72442387	2485	-	2485	ENSG00000261269.1	ENSG00000261269	sense_overlapping	RP11-389C8.2	NA	InGen	1.46021100086842	1	ENST00000564956.1	RP11-389C8.2	0.60287897184148	1.69761261797181	4.35205242832339	6.26500204074211e-05	0.0430427864633073	1.64126456612835
ENSG00000178175.11	chr5	72442652	72507727	65076	-	3975	ENSG00000178175.11	ENSG00000178175	protein_coding	ZNF366	167465	InGen	1.19876845576837	3	ENST00000318442.5;ENST00000514477.5;ENST00000414109.2	ZNF366	0.476096709242522	2.12281234384349	4.16855275666114	0.000115190670313516	0.0546099769511327	1.11952698792943
ENSG00000070614.14	chr5	150485818	150558211	72394	+	9529	ENSG00000070614.14	ENSG00000070614	protein_coding	NDST1	3340	InGen	23.2091526209201	9	ENST00000522491.1;ENST00000519157.1;ENST00000524161.1;ENST00000523767.5;ENST00000518299.1;ENST00000518346.1;ENST00000261797.6;ENST00000624156.1;ENST00000521752.1	NDST1	-0.170375828089619	7.756082772846	-4.38846730407519	5.54501713470592e-05	0.0430427864633073	1.59978782857712
ENSG00000113249.12	chr5	157029413	157059119	29707	-	2151	ENSG00000113249.12	ENSG00000113249	protein_coding	HAVCR1	26762	InGen	0.235381029887786	6	ENST00000522693.5;ENST00000523175.5;ENST00000339252.7;ENST00000625904.2;ENST00000517644.1;ENST00000518745.1	HAVCR1	-0.662520830062573	-1.16569837695007	-4.23633961247408	9.20962895381751e-05	0.0480676012148947	0.598683352549555
ENSG00000170542.5	chr6	2887266	2903280	16015	-	4118	ENSG00000170542.5	ENSG00000170542	protein_coding	SERPINB9	5272	InGen	3.99151401407865	1	ENST00000380698.4	SERPINB9	0.347506224994863	3.98247392742898	4.12145013986955	0.000134449426906397	0.0560625934386013	0.897883183036424
ENSG00000111859.16	chr6	11183298	11382348	199051	-	10359	ENSG00000111859.16	ENSG00000111859	protein_coding	NEDD9	4739	InGen	1.62459472104386	16	ENST00000379446.9;ENST00000620854.4;ENST00000448183.6;ENST00000504387.5;ENST00000505589.1;ENST00000379433.5;ENST00000513989.5;ENST00000397378.7;ENST00000508546.5;ENST00000468612.5;ENST00000512665.5;ENST00000504634.5;ENST00000459670.2;ENST00000514660.1;ENST00000461055.2;ENST00000508800.1	NEDD9	0.707237887681946	3.77896719631555	3.93684874774958	0.000244640660722454	0.0843563855565551	0.359133089019955
ENSG00000204371.11	chr6	31879759	31897687	17929	-	7289	ENSG00000204371.11	ENSG00000204371	protein_coding	EHMT2	10919	InGen	8.76347802419532	12	ENST00000478491.5;ENST00000461880.5;ENST00000494816.5;ENST00000480912.5;ENST00000395728.7;ENST00000375528.8;ENST00000375530.8;ENST00000375537.8;ENST00000436026.1;ENST00000477678.1;ENST00000463484.1;ENST00000465429.1	EHMT2	-0.137014337168829	5.97287340505385	-4.22679098262452	9.50537025254994e-05	0.0480676012148947	1.12275147790256
ENSG00000204344.14	chr6	31971091	31982821	11731	+	3954	ENSG00000204344.14	ENSG00000204344	protein_coding	STK19	8859	InGen	1.98696405807064	17	ENST00000466132.5;ENST00000460018.1;ENST00000479644.1;ENST00000375331.6;ENST00000492583.5;ENST00000375333.2;ENST00000473983.5;ENST00000478486.5;ENST00000463823.5;ENST00000483801.5;ENST00000519179.5;ENST00000466336.5;ENST00000471028.1;ENST00000491861.5;ENST00000484540.5;ENST00000469907.1;ENST00000490822.1	STK19	-0.158684628400761	2.95006322059432	-3.92296329753235	0.000255782677245663	0.0843563855565551	0.374579478782876
ENSG00000204301.6	chr6	32194843	32224067	29225	-	9748	ENSG00000204301.6	ENSG00000204301	protein_coding	NOTCH4	4855	InGen	2.01522427274115	5	ENST00000491215.1;ENST00000474612.1;ENST00000375023.3;ENST00000465528.1;ENST00000473562.1	NOTCH4	0.29267675221836	4.22106140480501	3.78915610278383	0.000391441069058204	0.0976206400829826	-0.108025484030606
ENSG00000096063.15	chr6	35832966	35921342	88377	-	6692	ENSG00000096063.15	ENSG00000096063	protein_coding	SRPK1	6732	InGen	5.8004879164668	13	ENST00000373825.6;ENST00000361690.7;ENST00000346162.10;ENST00000423325.6;ENST00000505885.1;ENST00000507292.1;ENST00000502969.1;ENST00000510290.5;ENST00000373821.6;ENST00000508473.5;ENST00000512445.5;ENST00000513367.1;ENST00000507909.1	SRPK1	0.16172109336307	5.24609664481719	3.6106139616547	0.000683144519047742	0.0984540650995368	-0.693069490893164
ENSG00000065308.4	chr6	52497402	52576915	79514	-	6908	ENSG00000065308.4	ENSG00000065308	protein_coding	TRAM2	9697	InGen	1.04421952284531	1	ENST00000182527.3	TRAM2	0.341476260833967	2.71873848839245	3.63423993621059	0.000635086730094417	0.0984540650995368	-0.437412558890815
ENSG00000112208.11	chr6	57172326	57189833	17508	+	6651	ENSG00000112208.11	ENSG00000112208	protein_coding	BAG2	9532	InGen	1.4425891451182	1	ENST00000370693.5	BAG2	0.248855342817187	3.21486589127774	3.71712393513712	0.000490804176689985	0.0976206400829826	-0.23906277659414
ENSG00000237742.6	chr6	125578558	125749190	170633	-	3098	ENSG00000237742.6	ENSG00000237742	antisense	RP11-624M8.1	NA	InGen	0.628059160536147	5	ENST00000606334.5;ENST00000427852.6;ENST00000451660.6;ENST00000606001.1;ENST00000432121.1	RP11-624M8.1	-0.561172902406513	0.785887069670548	-3.91311658015586	0.00026397882291067	0.0858157442022172	0.320284283541016
ENSG00000273014.1	chr7	32758882	32759353	472	+	472	ENSG00000273014.1	ENSG00000273014	lincRNA	RP11-225B17.2	NA	InGen	4.57598245491713	1	ENST00000609151.1	RP11-225B17.2	0.231616632033149	1.07362660089392	3.93009279160568	0.000250002027196099	0.0843563855565551	0.38679348440143
ENSG00000106636.7	chr7	44200968	44214294	13327	+	3707	ENSG00000106636.7	ENSG00000106636	protein_coding	YKT6	10652	InGen	13.9293864588165	7	ENST00000496112.5;ENST00000447123.5;ENST00000223369.2;ENST00000463014.1;ENST00000478411.1;ENST00000424864.1;ENST00000421621.2	YKT6	-0.125453608780408	5.67950380161194	-4.52848505340416	3.45548218296303e-05	0.0430427864633073	2.08786993976443
ENSG00000106665.15	chr7	74289475	74405943	116469	+	7315	ENSG00000106665.15	ENSG00000106665	protein_coding	CLIP2	7461	InGen	23.7245820754246	9	ENST00000361545.9;ENST00000223398.10;ENST00000395060.5;ENST00000487091.1;ENST00000493166.1;ENST00000482424.1;ENST00000491075.1;ENST00000474962.1;ENST00000487447.1	CLIP2	-0.0999361963301025	7.41156024530278	-3.6610515848196	0.000584467460964042	0.0976206400829826	-0.616534327323115
ENSG00000127954.12	chr7	88270892	88306891	36000	-	11245	ENSG00000127954.12	ENSG00000127954	protein_coding	STEAP4	79689	InGen	0.141803162737009	3	ENST00000380079.8;ENST00000301959.9;ENST00000414498.1	STEAP4	1.00078216292488	-0.0838279725552591	3.58440682264997	0.000740516188984214	0.0999367402729943	-0.637615470631523
ENSG00000224729.5	chr7	100589402	100604206	14805	-	2705	ENSG00000224729.5	ENSG00000224729	antisense	PCOLCE-AS1	100129845	InGen	0.181970441185465	2	ENST00000442166.2;ENST00000446022.1	PCOLCE-AS1	0.507700572787366	-1.17422052088012	3.61115026017638	0.00068201605446799	0.0984540650995368	-0.883825394564322
ENSG00000135253.13	chr7	128862451	128910719	48269	-	8259	ENSG00000135253.13	ENSG00000135253	protein_coding	KCP	375616	InGen	0.129753726834575	8	ENST00000492679.5;ENST00000460528.1;ENST00000610776.4;ENST00000611280.4;ENST00000613019.4;ENST00000620378.1;ENST00000616669.4;ENST00000612224.1	KCP	0.746408494435397	-0.38794207114514	3.79129939899222	0.000388803080915387	0.0976206400829826	-0.224721581349799
ENSG00000128567.16	chr7	131500262	131558217	57956	-	6874	ENSG00000128567.16	ENSG00000128567	protein_coding	PODXL	5420	InGen	10.5224677650898	8	ENST00000446198.5;ENST00000484346.1;ENST00000378555.7;ENST00000322985.9;ENST00000490761.5;ENST00000487965.1;ENST00000482581.1;ENST00000465001.1	PODXL	0.431739445925312	6.04785300275531	4.97624429447216	7.36388435292756e-06	0.0313825133406482	3.54496592049433
ENSG00000164867.10	chr7	150990995	151014588	23594	+	5953	ENSG00000164867.10	ENSG00000164867	protein_coding	NOS3	4846	InGen	1.25715098596682	10	ENST00000297494.7;ENST00000461406.5;ENST00000467517.1;ENST00000484524.5;ENST00000460603.1;ENST00000473057.1;ENST00000475017.1;ENST00000468293.5;ENST00000477227.1;ENST00000475454.1	NOS3	0.536682554613241	2.6856878815809	3.57922353487172	0.000752395812276392	0.0999367402729943	-0.584746905062744
ENSG00000091879.13	chr8	6499651	6563409	63759	-	6775	ENSG00000091879.13	ENSG00000091879	protein_coding	ANGPT2	285	InGen	0.990982429736056	4	ENST00000325203.9;ENST00000629816.2;ENST00000338312.10;ENST00000523120.2	ANGPT2	0.601435412532092	2.39606250499193	3.78044608845038	0.000402339488340038	0.0976206400829826	-0.00626751570737039
ENSG00000158941.16	chr8	22604632	22621514	16883	+	6534	ENSG00000158941.16	ENSG00000158941	protein_coding	CCAR2	57805	InGen	11.23030491416	14	ENST00000308511.8;ENST00000523801.5;ENST00000521301.5;ENST00000389279.7;ENST00000521837.5;ENST00000523349.5;ENST00000518989.1;ENST00000520861.5;ENST00000522599.5;ENST00000521020.1;ENST00000520738.5;ENST00000613179.1;ENST00000521436.5;ENST00000520536.1	CCAR2	-0.0966071336650384	6.17386412548695	-3.64659755770348	0.000611255709222005	0.0984540650995368	-0.632359818996251
ENSG00000147454.13	chr8	23528805	23575463	46659	+	8147	ENSG00000147454.13	ENSG00000147454	protein_coding	SLC25A37	51312	InGen	3.71211085522101	12	ENST00000519973.5;ENST00000417331.6;ENST00000290075.10;ENST00000518881.5;ENST00000519192.1;ENST00000520654.1;ENST00000523930.1;ENST00000523883.5;ENST00000517923.1;ENST00000520949.1;ENST00000522164.5;ENST00000521637.1	SLC25A37	0.195751592949879	4.88519832138753	3.87528774728723	0.000297885224626129	0.0926059158173631	0.100652860740021
ENSG00000253598.1	chr8	81693607	81696174	2568	-	2568	ENSG00000253598.1	ENSG00000253598	protein_coding	SLC10A5	347051	InGen	0.8960556496912	1	ENST00000518568.1	SLC10A5	0.417502886148706	1.14222978358551	3.74338091975729	0.000452064479346578	0.0976206400829826	-0.114022046436423
ENSG00000164933.11	chr8	103398635	103415189	16555	-	3654	ENSG00000164933.11	ENSG00000164933	protein_coding	SLC25A32	81034	InGen	6.79399982840857	5	ENST00000297578.8;ENST00000523256.6;ENST00000521645.5;ENST00000523866.1;ENST00000523701.1	SLC25A32	0.157670316568023	4.6149570430469	3.60821575358964	0.000688212636831943	0.0984540650995368	-0.657138965856658
ENSG00000147697.8	chr8	129748196	129786888	38693	-	2934	ENSG00000147697.8	ENSG00000147697	protein_coding	GSDMC	56169	InGen	0.451721955453106	4	ENST00000522273.5;ENST00000276708.8;ENST00000619643.1;ENST00000521365.1	GSDMC	-0.819720245042941	0.165752207591258	-4.14257245211588	0.000125455532729908	0.0554796353612207	0.814905372982512
ENSG00000008513.14	chr8	133454848	133571940	117093	-	8729	ENSG00000008513.14	ENSG00000008513	protein_coding	ST3GAL1	6482	InGen	2.0724699319992	15	ENST00000399640.3;ENST00000521180.5;ENST00000522652.5;ENST00000523854.5;ENST00000517668.5;ENST00000522204.1;ENST00000523634.1;ENST00000519924.5;ENST00000523855.1;ENST00000519435.5;ENST00000518298.5;ENST00000520020.5;ENST00000522873.1;ENST00000521627.1;ENST00000522285.1	ST3GAL1	0.388804068804279	4.0365407487069	3.84117105937383	0.00033203193376101	0.096029052442971	0.0588193208082171
ENSG00000259820.1	chr8	134792020	134798272	6253	-	6253	ENSG00000259820.1	ENSG00000259820	lincRNA	AC083843.1	NA	InGen	0.775786898375231	1	ENST00000568248.1	AC083843.1	0.276525633825004	2.17417972352064	3.8507483745231	0.000322083446277418	0.0951861156297264	0.203009756596703
ENSG00000179950.13	chr8	143816344	143829859	13516	-	5424	ENSG00000179950.13	ENSG00000179950	protein_coding	PUF60	22827	InGen	12.8122437758106	22	ENST00000526683.5;ENST00000453551.6;ENST00000313352.11;ENST00000456095.6;ENST00000349157.10;ENST00000527197.5;ENST00000524570.5;ENST00000532884.1;ENST00000526459.5;ENST00000527744.5;ENST00000531951.5;ENST00000528320.5;ENST00000529999.5;ENST00000528999.5;ENST00000531897.5;ENST00000529693.1;ENST00000533162.1;ENST00000527584.5;ENST00000531995.1;ENST00000532127.5;ENST00000526151.5;ENST00000533362.1	PUF60	-0.131830921073581	6.08055861773574	-3.73521686022622	0.000463783990769903	0.0976206400829826	-0.367297337122267
ENSG00000160447.6	chr9	128702523	128720918	18396	+	3375	ENSG00000160447.6	ENSG00000160447	protein_coding	PKN3	29941	InGen	0.602829254418114	3	ENST00000291906.4;ENST00000483521.1;ENST00000485301.1	PKN3	0.56272873958058	0.868910325882258	4.36088146084562	6.08250052496978e-05	0.0430427864633073	1.55181103849557
ENSG00000172889.15	chr9	136658856	136672678	13823	+	2553	ENSG00000172889.15	ENSG00000172889	protein_coding	EGFL7	51162	InGen	9.24079696550788	7	ENST00000371699.5;ENST00000308874.11;ENST00000406555.7;ENST00000492862.6;ENST00000490469.5;ENST00000492002.1;ENST00000371698.3	EGFL7	0.352465274933893	4.48731970578054	4.35536356450543	6.19594255781505e-05	0.0430427864633073	1.59323125090626
ENSG00000212864.3	chr9	137220247	137221581	1335	-	1150	ENSG00000212864.3	ENSG00000212864	protein_coding	RNF208	727800	InGen	7.18343376307299	2	ENST00000391553.2;ENST00000392827.2	RNF208	0.201633518072488	2.87823426823282	3.70098155277988	0.000516180383089338	0.0976206400829826	-0.257328450935865
ENSG00000150054.18	chr10	28050993	28334486	283494	-	6167	ENSG00000150054.18	ENSG00000150054	protein_coding	MPP7	143098	InGen	1.21368771454605	8	ENST00000337532.9;ENST00000375732.5;ENST00000496637.6;ENST00000375719.7;ENST00000441595.2;ENST00000481244.5;ENST00000474731.1;ENST00000474682.1	MPP7	0.556485183536561	2.70540035604607	3.66320605483287	0.000580572044029611	0.0976206400829826	-0.355417045708132
ENSG00000198682.12	chr10	87659613	87747705	88093	+	4083	ENSG00000198682.12	ENSG00000198682	protein_coding	PAPSS2	9060	InGen	1.49587895634828	4	ENST00000361175.8;ENST00000456849.1;ENST00000465996.5;ENST00000482258.1	PAPSS2	0.48623499236868	2.45582596434143	5.01316971709491	6.46940036561956e-06	0.0313825133406482	3.72992098258556
ENSG00000235823.1	chr10	100373615	100383368	9754	+	2551	ENSG00000235823.1	ENSG00000235823	lincRNA	OLMALINC	NA	InGen	6.66373375362648	1	ENST00000454935.1	OLMALINC	-0.281579556973672	4.02533585160491	-3.7744290067793	0.000410038005567512	0.0976206400829826	-0.131862276970225
ENSG00000197142.10	chr10	112374018	112428380	54363	+	4236	ENSG00000197142.10	ENSG00000197142	protein_coding	ACSL5	51703	InGen	2.20540008946566	9	ENST00000354655.8;ENST00000479936.1;ENST00000393081.5;ENST00000356116.5;ENST00000433418.5;ENST00000354273.4;ENST00000495539.5;ENST00000467340.1;ENST00000496328.1	ACSL5	0.498189058641126	3.01625171783118	3.73815937158878	0.000459526801360744	0.0976206400829826	-0.164281597093012
ENSG00000095627.9	chr10	114179270	114232304	53035	+	5256	ENSG00000095627.9	ENSG00000095627	protein_coding	TDRD1	56165	InGen	0.232791039133558	3	ENST00000369282.5;ENST00000251864.6;ENST00000369280.1	TDRD1	0.818028004459236	-0.00290877414974897	3.73526980635229	0.000463707055688561	0.0976206400829826	-0.283495363882255
ENSG00000151892.14	chr10	116056925	116273467	216543	-	9678	ENSG00000151892.14	ENSG00000151892	protein_coding	GFRA1	2674	InGen	5.52611497530525	5	ENST00000369236.5;ENST00000439649.7;ENST00000355422.10;ENST00000369234.4;ENST00000490345.1	GFRA1	0.663011853177213	5.4627044010425	4.47153573968095	4.19117886422559e-05	0.0430427864633073	1.91166476389907
ENSG00000179431.6	chr11	35618419	35620868	2450	+	2450	ENSG00000179431.6	ENSG00000179431	protein_coding	FJX1	24147	InGen	3.50238601900142	2	ENST00000317811.5;ENST00000532914.1	FJX1	-0.40152335505025	3.00314200671166	-4.28041958606523	7.95633060504265e-05	0.0464241690380386	1.43915866184371
ENSG00000110442.11	chr11	36269284	36289449	20166	-	6592	ENSG00000110442.11	ENSG00000110442	protein_coding	COMMD9	29099	InGen	4.15978512656645	8	ENST00000355500.1;ENST00000263401.9;ENST00000533308.1;ENST00000452374.6;ENST00000532705.1;ENST00000533643.1;ENST00000528608.5;ENST00000526789.1	COMMD9	-0.153187664270999	4.76074150144016	-3.92532856937838	0.000253850752715546	0.0843563855565551	0.259588194298432
ENSG00000110455.13	chr11	44065925	44084222	18298	+	5826	ENSG00000110455.13	ENSG00000110455	protein_coding	ACCS	84680	InGen	2.03046894927099	13	ENST00000533208.5;ENST00000524990.5;ENST00000263776.8;ENST00000527603.5;ENST00000526577.5;ENST00000533404.1;ENST00000531940.1;ENST00000527346.5;ENST00000532122.5;ENST00000531190.5;ENST00000527557.5;ENST00000531505.1;ENST00000534035.1	ACCS	-0.316699403889859	3.43204190665998	-3.83052751232429	0.000343434866729605	0.0975368354391087	0.0717965524824278
ENSG00000126500.3	chr11	64103188	64119173	15986	+	3949	ENSG00000126500.3	ENSG00000126500	protein_coding	FLRT1	23769	InGen	5.45381343973935	1	ENST00000246841.3	FLRT1	-0.32280326750028	4.377899209766	-4.9087934441463	9.32240413317861e-06	0.0313825133406482	3.38056948815173
ENSG00000110046.12	chr11	64894546	64917248	22703	-	7870	ENSG00000110046.12	ENSG00000110046	protein_coding	ATG2A	23130	InGen	5.26520017808413	6	ENST00000418259.5;ENST00000377264.7;ENST00000421419.3;ENST00000472525.1;ENST00000461701.5;ENST00000461955.1	ATG2A	-0.1623447198661	5.30780745746953	-4.31319613231758	7.13354430504375e-05	0.0438732254609664	1.42151022320435
ENSG00000172977.12	chr11	65711996	65719604	7609	+	3732	ENSG00000172977.12	ENSG00000172977	protein_coding	KAT5	10524	InGen	9.16137556671581	17	ENST00000377046.7;ENST00000352980.8;ENST00000341318.8;ENST00000532042.5;ENST00000530446.5;ENST00000534104.5;ENST00000530605.5;ENST00000534293.5;ENST00000527544.5;ENST00000528198.5;ENST00000531880.1;ENST00000534650.5;ENST00000525204.1;ENST00000534681.1;ENST00000533441.1;ENST00000525600.1;ENST00000533596.1	KAT5	-0.106736594254372	5.08723052863945	-3.93307774042703	0.000247619412673957	0.0843563855565551	0.263707114364387
ENSG00000179071.4	chr11	85684866	85686277	1412	-	1412	ENSG00000179071.4	ENSG00000179071	protein_coding	CCDC89	220388	InGen	0.909806118360231	1	ENST00000316398.4	CCDC89	-0.582034257033339	0.183472686500623	-3.86445119119673	0.000308347095186585	0.0926059158173631	0.0888681021446027
ENSG00000174804.3	chr11	86945679	86955391	9713	-	7383	ENSG00000174804.3	ENSG00000174804	protein_coding	FZD4	8322	InGen	2.82174646661351	1	ENST00000531380.1	FZD4	0.34675380159501	4.27028536535811	4.47176373392527	4.18794886038311e-05	0.0430427864633073	1.97263164773068
ENSG00000250303.3	chr11	112270749	112362534	91786	+	5018	ENSG00000250303.3	ENSG00000250303	lincRNA	RP11-356J5.12	283140	InGen	0.895870943249634	5	ENST00000504610.2;ENST00000532168.2;ENST00000419895.3;ENST00000529938.1;ENST00000527511.1	RP11-356J5.12	-0.301593756084458	2.13836600737252	-4.44130308663377	4.64171982651324e-05	0.0430427864633073	1.932960251215
ENSG00000109906.13	chr11	114059593	114250676	191084	+	6372	ENSG00000109906.13	ENSG00000109906	protein_coding	ZBTB16	7704	InGen	6.34480872026478	9	ENST00000335953.8;ENST00000541602.5;ENST00000544220.1;ENST00000535700.1;ENST00000392996.2;ENST00000539918.5;ENST00000545851.5;ENST00000535379.1;ENST00000535509.1	ZBTB16	0.449532728395963	5.12595852195067	3.636764823864	0.000630146484451097	0.0984540650995368	-0.60814606367041
ENSG00000137726.16	chr11	117836976	117877486	40511	-	5137	ENSG00000137726.16	ENSG00000137726	protein_coding	FXYD6	53826	InGen	17.5907676353876	17	ENST00000539526.5;ENST00000260282.8;ENST00000527717.5;ENST00000526014.5;ENST00000524656.5;ENST00000584394.5;ENST00000529335.6;ENST00000583233.5;ENST00000583660.5;ENST00000530956.6;ENST00000524841.5;ENST00000527429.5;ENST00000540359.6;ENST00000579486.5;ENST00000584230.1;ENST00000534125.1;ENST00000527053.1	FXYD6	-0.545553681814936	6.33482989557784	-3.57836246588105	0.000754386850963004	0.0999367402729943	-0.827635363281424
ENSG00000172375.12	chr11	119102198	119118544	16347	+	9216	ENSG00000172375.12	ENSG00000172375	protein_coding	C2CD2L	9854	InGen	4.50178829553926	10	ENST00000534024.1;ENST00000528271.1;ENST00000529600.1;ENST00000529885.1;ENST00000527854.1;ENST00000336702.7;ENST00000529874.5;ENST00000525598.1;ENST00000528586.1;ENST00000533458.1	C2CD2L	-0.180193751366242	5.29066094560502	-3.65926628283994	0.000587714347484998	0.0976206400829826	-0.551527696713433
ENSG00000019102.11	chr11	124747472	124752238	4767	-	1432	ENSG00000019102.11	ENSG00000019102	protein_coding	VSIG2	23584	InGen	0.450808246143438	2	ENST00000326621.9;ENST00000403470.1	VSIG2	0.633455921203718	-0.86620604893183	3.67860844636549	0.000553439004055094	0.0976206400829826	-0.613272711134409
ENSG00000154133.14	chr11	124883691	124898500	14810	-	7033	ENSG00000154133.14	ENSG00000154133	protein_coding	ROBO4	54538	InGen	1.45210962183096	10	ENST00000306534.7;ENST00000534407.5;ENST00000533054.5;ENST00000532216.5;ENST00000525182.1;ENST00000532300.5;ENST00000526899.5;ENST00000527279.1;ENST00000529941.1;ENST00000533337.1	ROBO4	0.364685268976167	3.23317724515047	3.59337348725283	0.000720387306437358	0.0995697140055822	-0.589286031266008
ENSG00000149418.10	chr11	130159562	130210376	50815	+	4350	ENSG00000149418.10	ENSG00000149418	protein_coding	ST14	6768	InGen	0.162843278216505	4	ENST00000278742.5;ENST00000530532.5;ENST00000524718.5;ENST00000530376.1	ST14	0.836219246915421	-0.85992496470431	3.90742601160775	0.000268830348911912	0.086162019997739	-0.0624193725028368
ENSG00000250899.3	chr12	3041437	3044950	3514	+	3514	ENSG00000250899.3	ENSG00000250899	lincRNA	RP11-253E3.3	NA	InGen	0.222925058983541	1	ENST00000513358.3	RP11-253E3.3	0.850029740532079	-0.589406934580595	4.96922982348195	7.54705236626683e-06	0.0313825133406482	2.60138100228616
ENSG00000110900.14	chr12	30926428	30996599	70172	+	7113	ENSG00000110900.14	ENSG00000110900	protein_coding	TSPAN11	441631	InGen	2.1617605956301	4	ENST00000545802.1;ENST00000546076.5;ENST00000535215.5;ENST00000261177.9	TSPAN11	-0.551923080090229	3.77495067420888	-3.75046360275858	0.000442128007596392	0.0976206400829826	-0.182949170262779
ENSG00000177359.17	chr12	31111652	31206154	94503	-	5471	ENSG00000177359.17	ENSG00000177359	protein_coding	OVOS2	144203	InGen	0.346285542978823	5	ENST00000542490.5;ENST00000542925.5;ENST00000398963.8;ENST00000391394.3;ENST00000632817.1	OVOS2	-1.49663557712771	0.155602139434772	-4.84220163341736	1.17551361524524e-05	0.0313825133406482	2.72049073570736
ENSG00000170545.16	chr12	51244558	51270890	26333	-	3558	ENSG00000170545.16	ENSG00000170545	protein_coding	SMAGP	57228	InGen	0.383386724745987	8	ENST00000603798.5;ENST00000380103.4;ENST00000398453.7;ENST00000603864.5;ENST00000605627.1;ENST00000605426.5;ENST00000603838.5;ENST00000604188.1	SMAGP	0.731754758853377	0.0526284925829605	3.93922240750728	0.000242783445588508	0.0843563855565551	0.275276938470195
ENSG00000139567.12	chr12	51906908	51923361	16454	+	5040	ENSG00000139567.12	ENSG00000139567	protein_coding	ACVRL1	94	InGen	2.22191047125993	8	ENST00000551576.5;ENST00000388922.8;ENST00000547400.5;ENST00000550683.5;ENST00000419526.6;ENST00000552678.1;ENST00000547632.1;ENST00000550084.1	ACVRL1	0.454891420186418	3.34892279376325	3.86973271806381	0.000303204732631385	0.0926059158173631	0.191482019353515
ENSG00000135426.15	chr12	54948018	54984746	36729	-	5025	ENSG00000135426.15	ENSG00000135426	protein_coding	TESPA1	9840	InGen	1.00958976624015	14	ENST00000524622.5;ENST00000524923.5;ENST00000528240.1;ENST00000532804.5;ENST00000449076.5;ENST00000316577.12;ENST00000532757.5;ENST00000531122.5;ENST00000524959.5;ENST00000526532.5;ENST00000533446.5;ENST00000525978.5;ENST00000524668.5;ENST00000533607.1	TESPA1	1.5493939255128	-1.29253461290784	4.71736976564499	1.81058548838847e-05	0.0313825133406482	1.87107450258261
ENSG00000076067.11	chr12	56521929	56596196	74268	+	8805	ENSG00000076067.11	ENSG00000076067	protein_coding	RBMS2	5939	InGen	3.05368595214014	8	ENST00000262031.9;ENST00000552247.6;ENST00000551369.5;ENST00000552916.5;ENST00000549945.5;ENST00000550726.5;ENST00000542360.1;ENST00000552228.1	RBMS2	0.227555988648698	4.66008544975913	3.66364922959107	0.000579773844886599	0.0976206400829826	-0.503623503847708
ENSG00000118596.11	chr12	59596067	59789855	193789	+	13665	ENSG00000118596.11	ENSG00000118596	protein_coding	SLC16A7	9194	InGen	3.27015658504722	16	ENST00000552432.5;ENST00000547379.5;ENST00000549465.5;ENST00000552024.5;ENST00000548610.5;ENST00000261187.8;ENST00000550062.5;ENST00000549588.5;ENST00000546459.5;ENST00000552405.5;ENST00000549033.5;ENST00000551877.5;ENST00000547801.1;ENST00000549928.5;ENST00000549305.1;ENST00000548444.1	SLC16A7	0.268332610265077	5.39815819585399	3.67114261512067	0.00056643561602009	0.0976206400829826	-0.52634139943618
ENSG00000177990.11	chr12	63558913	63668939	110027	-	5646	ENSG00000177990.11	ENSG00000177990	protein_coding	DPY19L2	283417	InGen	2.84167941649635	9	ENST00000324472.8;ENST00000541911.1;ENST00000413230.6;ENST00000439061.6;ENST00000306389.7;ENST00000541083.1;ENST00000536494.5;ENST00000538147.1;ENST00000542209.1	DPY19L2	0.283445061596949	3.91671369114091	3.70962049963526	0.000502447281223657	0.0976206400829826	-0.315457985953686
ENSG00000255693.1	chr12	64883394	64977522	94129	+	3970	ENSG00000255693.1	ENSG00000255693	lincRNA	RP11-766N7.3	NA	InGen	2.26118440211087	2	ENST00000535058.1;ENST00000540024.1	RP11-766N7.3	0.585383613924327	2.92432738068093	4.23669463864194	9.19880715276396e-05	0.0480676012148947	1.30829265014155
ENSG00000166268.10	chr12	69825304	69959097	133794	+	3524	ENSG00000166268.10	ENSG00000166268	protein_coding	MYRFL	196446	InGen	0.238279809335964	5	ENST00000552032.6;ENST00000547771.6;ENST00000548892.5;ENST00000535034.5;ENST00000299350.5	MYRFL	0.920635459231041	-0.804011780230762	3.64253640057753	0.00061899141681435	0.0984540650995368	-0.63732739549463
ENSG00000139287.12	chr12	71938846	72186618	247773	+	6929	ENSG00000139287.12	ENSG00000139287	protein_coding	TPH2	121278	InGen	0.420503653220868	6	ENST00000333850.3;ENST00000546576.1;ENST00000550403.5;ENST00000547348.5;ENST00000551074.5;ENST00000547278.1	TPH2	-0.910365241272417	0.95205241840618	-3.73326488792671	0.000466628932235166	0.0976206400829826	-0.143136927379755
ENSG00000067798.14	chr12	77324641	78213008	888368	+	12135	ENSG00000067798.14	ENSG00000067798	protein_coding	NAV3	89795	InGen	8.74478541962992	15	ENST00000550042.2;ENST00000549464.5;ENST00000536525.6;ENST00000397909.6;ENST00000549369.5;ENST00000551277.1;ENST00000547725.1;ENST00000550503.1;ENST00000550673.1;ENST00000552895.5;ENST00000550788.1;ENST00000548948.5;ENST00000552300.1;ENST00000551162.1;ENST00000547884.1	NAV3	-0.215210233445586	6.71301541098289	-3.82304171725933	0.000351679438791307	0.0975368354391087	-0.130991895551014
ENSG00000257322.5	chr12	93003415	93215679	212265	-	1914	ENSG00000257322.5	ENSG00000257322	antisense	RP11-511B23.2	NA	InGen	0.168812455185259	4	ENST00000550324.5;ENST00000549930.1;ENST00000552451.1;ENST00000547432.1	RP11-511B23.2	-0.801331442868299	-1.8551336415323	-3.59934628391636	0.000707270483783088	0.0987401664353861	-1.06365234202493
ENSG00000258240.5	chr12	110951683	110957812	6130	-	594	ENSG00000258240.5	ENSG00000258240	lincRNA	RP1-46F2.3	105369980	InGen	1.31753325099352	2	ENST00000546852.5;ENST00000548329.1	RP1-46F2.3	1.08274479755018	-0.765222114408851	4.78268849019442	1.44496704762742e-05	0.0313825133406482	2.08396701387989
ENSG00000102755.10	chr13	28300344	28495128	194785	-	12550	ENSG00000102755.10	ENSG00000102755	protein_coding	FLT1	2321	InGen	7.51834302418411	8	ENST00000282397.8;ENST00000617835.4;ENST00000615611.4;ENST00000543394.2;ENST00000540678.2;ENST00000541932.5;ENST00000615840.4;ENST00000539099.1	FLT1	0.414289248429867	6.38440746795764	3.76583300257584	0.000421282006751737	0.0976206400829826	-0.295652615325988
ENSG00000136111.12	chr13	75284665	75482114	197450	-	6658	ENSG00000136111.12	ENSG00000136111	protein_coding	TBC1D4	9882	InGen	6.503258660513	7	ENST00000377625.6;ENST00000431480.6;ENST00000377636.7;ENST00000478591.1;ENST00000493487.1;ENST00000413735.1;ENST00000488955.1	TBC1D4	0.263377700702543	5.40787338069429	4.029317348735	0.000181531552952744	0.0688488669832109	0.533806510002239
ENSG00000238230.1	chr13	94699694	94702862	3169	-	1844	ENSG00000238230.1	ENSG00000238230	lincRNA	LINC00391	NA	InGen	0.515137754525723	1	ENST00000433569.1	LINC00391	-0.511751771309249	-0.334802638626307	-3.57964995216606	0.000751411672138486	0.0999367402729943	-0.694172773154755
ENSG00000187498.14	chr13	110148963	110307149	158187	-	8188	ENSG00000187498.14	ENSG00000187498	protein_coding	COL4A1	1282	InGen	2.63412952154918	5	ENST00000375820.8;ENST00000467182.1;ENST00000474391.1;ENST00000543140.5;ENST00000615732.1	COL4A1	0.651549723253022	4.18761344885159	3.61619879131104	0.000671480066002524	0.0984540650995368	-0.60351506309236
ENSG00000186648.14	chr14	24052000	24069728	17729	+	6665	ENSG00000186648.14	ENSG00000186648	protein_coding	CARMIL3	90668	InGen	3.70872186388376	4	ENST00000342740.5;ENST00000559694.5;ENST00000561354.1;ENST00000560349.1	CARMIL3	-0.293573111722319	4.52099482595739	-4.36328607411971	6.03369929011211e-05	0.0430427864633073	1.61848192143715
ENSG00000119725.17	chr14	73886617	73932511	45895	+	6461	ENSG00000119725.17	ENSG00000119725	protein_coding	ZNF410	57862	InGen	0.531911470182493	24	ENST00000540593.5;ENST00000555730.5;ENST00000324593.10;ENST00000556396.5;ENST00000557495.5;ENST00000556659.5;ENST00000557363.5;ENST00000555602.6;ENST00000412490.7;ENST00000541357.6;ENST00000442160.7;ENST00000398139.7;ENST00000555044.5;ENST00000556160.5;ENST00000554582.5;ENST00000554797.3;ENST00000334521.8;ENST00000615736.4;ENST00000556797.1;ENST00000554316.1;ENST00000557679.5;ENST00000555620.1;ENST00000556179.5;ENST00000557214.2	ZNF410	0.190552533417762	1.73327267189712	3.59008618249202	0.000727705375474543	0.0997570091825223	-0.50697294838481
ENSG00000212428.1	chr15	25159221	25159279	59	+	59	ENSG00000212428.1	ENSG00000212428	snoRNA	SNORD115	NA	InGen	12.9376264976696	1	ENST00000391126.1	SNORD115	0.438568413924546	-0.599264972895388	3.77474531108846	0.000409629812268761	0.0976206400829826	-0.330681797058407
ENSG00000274307.1	chr15	25708470	25710869	2400	-	2400	ENSG00000274307.1	ENSG00000274307	sense_intronic	RP11-345J18.2	NA	InGen	0.620231829852081	1	ENST00000620538.1	RP11-345J18.2	0.471874833253194	0.387754983368148	3.75565086384589	0.000434984034180217	0.0976206400829826	-0.159814563555503
ENSG00000185880.12	chr15	44728988	44767829	38842	+	9265	ENSG00000185880.12	ENSG00000185880	protein_coding	TRIM69	140691	InGen	6.07093192797952	12	ENST00000559390.5;ENST00000560141.2;ENST00000560554.1;ENST00000559315.1;ENST00000561237.1;ENST00000329464.8;ENST00000558329.5;ENST00000560442.5;ENST00000561043.5;ENST00000338264.8;ENST00000558173.5;ENST00000561170.1	TRIM69	0.14587514935422	5.77835139112991	3.61195785722711	0.000680320092766496	0.0984540650995368	-0.717031406235908
ENSG00000069974.15	chr15	55202966	55319113	116148	-	5605	ENSG00000069974.15	ENSG00000069974	protein_coding	RAB27A	5873	InGen	0.99163650219551	12	ENST00000396307.6;ENST00000336787.5;ENST00000564609.5;ENST00000569493.5;ENST00000566877.5;ENST00000567380.5;ENST00000565972.5;ENST00000563262.5;ENST00000568803.1;ENST00000567639.1;ENST00000565776.1;ENST00000561545.1	RAB27A	0.353820957109008	2.3801883755018	4.15336336281212	0.000121088652243612	0.0551098674091125	1.07430951981867
ENSG00000137834.14	chr15	66702228	66782848	80621	+	8563	ENSG00000137834.14	ENSG00000137834	protein_coding	SMAD6	4091	InGen	0.814814606766031	5	ENST00000288840.9;ENST00000612349.1;ENST00000557916.5;ENST00000559931.5;ENST00000558937.1	SMAD6	0.51223741171461	2.61652731329318	3.58028809678291	0.000749941177054386	0.0999367402729943	-0.573776530845085
ENSG00000103653.16	chr15	74782057	74803198	21142	+	4570	ENSG00000103653.16	ENSG00000103653	protein_coding	CSK	1445	InGen	4.1466881598268	14	ENST00000220003.13;ENST00000439220.6;ENST00000563894.1;ENST00000567123.1;ENST00000569462.5;ENST00000567571.5;ENST00000569915.1;ENST00000562066.5;ENST00000568329.5;ENST00000567135.5;ENST00000564216.5;ENST00000566464.5;ENST00000569321.1;ENST00000563010.1	CSK	-0.158616639858344	4.22481374297744	-4.48697249994249	3.97788352125718e-05	0.0430427864633073	2.02375763643716
ENSG00000140511.11	chr15	88877288	88895626	18339	-	3524	ENSG00000140511.11	ENSG00000140511	protein_coding	HAPLN3	145864	InGen	0.286418576146813	5	ENST00000359595.7;ENST00000558770.5;ENST00000562889.5;ENST00000562281.1;ENST00000563808.1	HAPLN3	0.515047902267669	-0.145238748293088	3.97549947016631	0.000216037073783777	0.07929257501651	0.289115319292148
ENSG00000103202.12	chr16	396725	410367	13643	+	3670	ENSG00000103202.12	ENSG00000103202	protein_coding	NME4	4833	InGen	3.44252395927572	12	ENST00000397722.5;ENST00000454619.5;ENST00000620944.4;ENST00000621774.4;ENST00000448828.5;ENST00000444498.5;ENST00000460297.1;ENST00000382940.8;ENST00000219479.6;ENST00000433358.5;ENST00000450036.1;ENST00000468031.1	NME4	-0.196130258590749	3.59296003261079	-4.2808326370009	7.94540941399077e-05	0.0464241690380386	1.41283020275766
ENSG00000007541.16	chr16	566995	584136	17142	+	7904	ENSG00000007541.16	ENSG00000007541	protein_coding	PIGQ	9091	InGen	3.26312931045635	25	ENST00000293874.2;ENST00000409527.6;ENST00000321878.9;ENST00000439574.1;ENST00000422307.6;ENST00000636657.1;ENST00000026218.9;ENST00000470411.2;ENST00000637701.1;ENST00000443147.5;ENST00000635909.1;ENST00000636005.1;ENST00000637468.1;ENST00000638143.1;ENST00000544860.1;ENST00000537901.1;ENST00000635935.1;ENST00000420990.6;ENST00000635205.1;ENST00000480424.6;ENST00000540241.1;ENST00000476438.1;ENST00000540548.1;ENST00000634341.1;ENST00000638152.1	PIGQ	-0.160034226248693	4.60525549919814	-3.60429859059569	0.000696568135042425	0.0984540650995368	-0.666037605490159
ENSG00000006327.13	chr16	3018445	3022383	3939	+	1848	ENSG00000006327.13	ENSG00000006327	protein_coding	TNFRSF12A	51330	InGen	0.961699399653824	7	ENST00000573001.5;ENST00000326577.8;ENST00000341627.5;ENST00000574699.1;ENST00000575124.1;ENST00000575836.1;ENST00000571351.1	TNFRSF12A	0.760073858364765	0.52432838567457	3.81940351225321	0.000355754848894622	0.0975368354391087	0.0322375171282365
ENSG00000008516.16	chr16	3046681	3060726	14046	+	4126	ENSG00000008516.16	ENSG00000008516	protein_coding	MMP25	64386	InGen	0.14889151414148	4	ENST00000612971.1;ENST00000336577.8;ENST00000570755.1;ENST00000575441.1	MMP25	0.861609109923066	-1.02520834261222	4.04356352915442	0.000173329487696079	0.0668523020679994	0.135432478983689
ENSG00000166780.10	chr16	15434295	15625028	190734	+	3688	ENSG00000166780.10	ENSG00000166780	protein_coding	C16orf45	89927	InGen	21.0753281472738	11	ENST00000300006.8;ENST00000566490.5;ENST00000570249.5;ENST00000561813.5;ENST00000567550.1;ENST00000452191.6;ENST00000564389.5;ENST00000561692.5;ENST00000563380.1;ENST00000565857.1;ENST00000565913.1	C16orf45	-0.164651203551768	6.243601772124	-3.61658350840036	0.000670683597562158	0.0984540650995368	-0.719959553289859
ENSG00000103485.17	chr16	29679008	29698699	19692	+	3642	ENSG00000103485.17	ENSG00000103485	protein_coding	QPRT	23475	InGen	4.63220475006511	4	ENST00000219771.7;ENST00000395384.8;ENST00000562473.1;ENST00000564967.1	QPRT	-0.336590828143367	3.99532554937299	-5.11498456758054	4.52041031946853e-06	0.0313825133406482	4.07380436335363
ENSG00000275088.1	chr16	85142696	85146001	3306	-	3306	ENSG00000275088.1	ENSG00000275088	lincRNA	RP11-442O1.3	NA	InGen	0.633536669417871	1	ENST00000621095.1	RP11-442O1.3	0.777596611457934	0.529879006254185	3.67334055732078	0.000562579354679741	0.0976206400829826	-0.348123204020993
ENSG00000159842.14	chr17	1003518	1229021	225504	-	11709	ENSG00000159842.14	ENSG00000159842	protein_coding	ABR	29	InGen	30.7151457408278	36	ENST00000302538.9;ENST00000572585.5;ENST00000544583.6;ENST00000572441.5;ENST00000571797.5;ENST00000574437.5;ENST00000291107.6;ENST00000543210.6;ENST00000536794.6;ENST00000573559.3;ENST00000572650.1;ENST00000570688.1;ENST00000571120.5;ENST00000571383.5;ENST00000571022.5;ENST00000572152.5;ENST00000577052.5;ENST00000574257.5;ENST00000576668.1;ENST00000574875.1;ENST00000575770.5;ENST00000576964.5;ENST00000574544.1;ENST00000573895.1;ENST00000571945.5;ENST00000573667.1;ENST00000570441.5;ENST00000573325.1;ENST00000575934.5;ENST00000574139.5;ENST00000570525.5;ENST00000574266.1;ENST00000574632.5;ENST00000574048.2;ENST00000571306.1;ENST00000571543.1	ABR	-0.140731532468658	8.45870852909657	-3.68395847897024	0.000544301823001314	0.0976206400829826	-0.553357725637609
ENSG00000141258.12	chr17	2337498	2381058	43561	+	9771	ENSG00000141258.12	ENSG00000141258	protein_coding	SGSM2	9905	InGen	10.8583326514547	14	ENST00000572875.1;ENST00000573062.5;ENST00000268989.7;ENST00000426855.6;ENST00000574563.5;ENST00000574650.1;ENST00000570431.1;ENST00000574857.1;ENST00000575367.1;ENST00000573717.2;ENST00000574250.1;ENST00000572841.1;ENST00000573851.1;ENST00000572925.1	SGSM2	-0.152942679649116	6.67663630024374	-4.51611723730667	3.60368181638551e-05	0.0430427864633073	2.02228728927435
ENSG00000161940.10	chr17	7023020	7030290	7271	+	4373	ENSG00000161940.10	ENSG00000161940	protein_coding	BCL6B	255877	InGen	0.766686584094599	6	ENST00000293805.9;ENST00000572216.1;ENST00000576705.1;ENST00000573503.1;ENST00000537931.2;ENST00000571729.1	BCL6B	0.621934283298102	1.47467767111421	3.60671548392364	0.000691401401373478	0.0984540650995368	-0.461975412391824
ENSG00000072310.16	chr17	17810399	17837002	26604	-	8030	ENSG00000072310.16	ENSG00000072310	protein_coding	SREBF1	6720	InGen	12.0129056029768	23	ENST00000485080.6;ENST00000578469.1;ENST00000395756.5;ENST00000395757.5;ENST00000395751.8;ENST00000355815.8;ENST00000261646.9;ENST00000486311.5;ENST00000478616.1;ENST00000447641.5;ENST00000581707.1;ENST00000490796.1;ENST00000584760.1;ENST00000471445.5;ENST00000469356.3;ENST00000580540.1;ENST00000583080.1;ENST00000487401.1;ENST00000470247.1;ENST00000423161.3;ENST00000583732.1;ENST00000577897.1;ENST00000476994.1	SREBF1	-0.350199857282205	6.50168307786648	-4.79980467591964	1.36180862182581e-05	0.0313825133406482	2.95108665175424
ENSG00000175832.12	chr17	43527844	43579620	51777	-	3607	ENSG00000175832.12	ENSG00000175832	protein_coding	ETV4	2118	InGen	0.110178122493805	11	ENST00000538265.5;ENST00000319349.9;ENST00000393664.6;ENST00000545954.5;ENST00000545089.5;ENST00000591713.5;ENST00000586826.1;ENST00000590236.5;ENST00000585508.5;ENST00000587151.5;ENST00000586764.1	ETV4	1.02046805648788	-1.77341533924999	3.7325780339189	0.000467633978358003	0.0976206400829826	-0.849564032622331
ENSG00000108852.14	chr17	43875357	43909711	34355	-	6114	ENSG00000108852.14	ENSG00000108852	protein_coding	MPP2	4355	InGen	9.72092122307324	21	ENST00000377184.7;ENST00000269095.8;ENST00000536246.5;ENST00000612133.4;ENST00000625880.2;ENST00000622681.4;ENST00000461854.5;ENST00000520305.5;ENST00000523501.5;ENST00000518766.5;ENST00000523220.5;ENST00000473246.5;ENST00000520319.1;ENST00000520406.5;ENST00000523762.5;ENST00000523934.5;ENST00000520241.5;ENST00000521178.5;ENST00000524294.5;ENST00000522172.5;ENST00000518478.1	MPP2	-0.186354866027857	5.86953270149598	-3.71659206808219	0.000491620882792744	0.0976206400829826	-0.415990044742916
ENSG00000167083.6	chr17	49202791	49210574	7784	-	1689	ENSG00000167083.6	ENSG00000167083	protein_coding	GNGT2	2793	InGen	0.423201175854615	6	ENST00000503070.5;ENST00000511277.5;ENST00000300406.6;ENST00000515635.5;ENST00000507680.5;ENST00000511673.1	GNGT2	0.631300573148362	-0.917183795123566	4.39738616557638	5.38135622014024e-05	0.0430427864633073	1.10533263518058
ENSG00000173868.11	chr17	49223362	49230766	7405	-	2375	ENSG00000173868.11	ENSG00000173868	protein_coding	PHOSPHO1	162466	InGen	0.926686544632824	7	ENST00000310544.8;ENST00000413580.5;ENST00000514112.1;ENST00000511066.5;ENST00000574638.1;ENST00000512250.1;ENST00000503902.1	PHOSPHO1	0.814928408274532	0.727067122808698	4.54709329182885	3.24365668596867e-05	0.0430427864633073	2.0517621975292
ENSG00000180891.12	chr17	57861243	57955323	94081	-	5577	ENSG00000180891.12	ENSG00000180891	protein_coding	CUEDC1	404093	InGen	6.9995104164425	13	ENST00000577830.5;ENST00000584746.5;ENST00000407144.6;ENST00000577422.5;ENST00000582951.5;ENST00000581391.5;ENST00000577497.5;ENST00000578357.5;ENST00000581898.5;ENST00000585294.5;ENST00000360238.6;ENST00000577840.5;ENST00000577589.1	CUEDC1	-0.170889091839606	5.22082136913212	-3.62009930388464	0.000663446678773167	0.0984540650995368	-0.661056884069784
ENSG00000108622.10	chr17	64002594	64020634	18041	-	3243	ENSG00000108622.10	ENSG00000108622	protein_coding	ICAM2	3384	InGen	2.53560282139348	16	ENST00000578379.5;ENST00000578892.5;ENST00000583684.5;ENST00000449662.6;ENST00000579788.5;ENST00000412356.5;ENST00000418105.5;ENST00000581417.5;ENST00000579687.5;ENST00000578313.5;ENST00000583366.5;ENST00000584084.1;ENST00000584403.5;ENST00000580011.1;ENST00000580389.1;ENST00000583186.1	ICAM2	0.507049554502175	2.84895473707542	3.92906354289109	0.000250828698657198	0.0843563855565551	0.39809462412151
ENSG00000261371.5	chr17	64319415	64413776	94362	-	7759	ENSG00000261371.5	ENSG00000261371	protein_coding	PECAM1	5175	InGen	4.77433807617474	9	ENST00000563924.5;ENST00000568702.5;ENST00000566422.1;ENST00000564866.5;ENST00000563523.5;ENST00000561739.5;ENST00000566616.1;ENST00000569967.1;ENST00000569530.1	PECAM1	0.385382326741026	5.08666611490112	3.63189831073834	0.0006397015014027	0.0984540650995368	-0.622174262794556
ENSG00000198265.11	chr17	67070438	67245989	175552	-	15677	ENSG00000198265.11	ENSG00000198265	protein_coding	HELZ	9931	InGen	8.59396775569192	12	ENST00000358691.9;ENST00000579953.5;ENST00000580168.5;ENST00000417253.7;ENST00000578783.1;ENST00000578938.1;ENST00000582864.1;ENST00000580662.5;ENST00000584641.5;ENST00000581159.5;ENST00000580963.1;ENST00000579861.1	HELZ	0.09653558615138	7.06773731413301	3.72642587327644	0.000476729283200672	0.0976206400829826	-0.42494081240875
ENSG00000141404.15	chr18	11688956	11885685	196730	+	8445	ENSG00000141404.15	ENSG00000141404	protein_coding	GNAL	2774	InGen	13.6596232352886	10	ENST00000334049.10;ENST00000585590.1;ENST00000535121.5;ENST00000269162.9;ENST00000423027.7;ENST00000585642.5;ENST00000590972.1;ENST00000590228.1;ENST00000602628.1;ENST00000586926.1	GNAL	0.218982146574114	6.71720529836093	3.66273071401221	0.000581429346803377	0.0976206400829826	-0.597913118945188
ENSG00000256616.3	chr18	12073232	12076654	3423	-	3423	ENSG00000256616.3	ENSG00000256616	transcribed_processed_pseudogene	RP11-815J4.6	NA	InGen	0.655992553970717	2	ENST00000591780.1;ENST00000590929.1	RP11-815J4.6	-0.375879414399798	1.12059464109476	-3.82546030120096	0.000348995101588446	0.0975368354391087	0.11017318886875
ENSG00000267108.1	chr18	12432897	12437635	4739	+	168	ENSG00000267108.1	ENSG00000267108	lincRNA	RP11-861E21.1	NA	InGen	2.21218513278762	1	ENST00000589843.1	RP11-861E21.1	-0.632117227693209	-1.62591653889914	-3.66001436127159	0.00058635173834712	0.0976206400829826	-0.876022504300048
ENSG00000154065.16	chr18	23598926	23662885	63960	-	6391	ENSG00000154065.16	ENSG00000154065	protein_coding	ANKRD29	147463	InGen	2.97226320093808	8	ENST00000592179.5;ENST00000591280.5;ENST00000322980.13;ENST00000587763.1;ENST00000591617.1;ENST00000586511.1;ENST00000586087.1;ENST00000585908.2	ANKRD29	0.265663191669703	4.17931395551225	3.62749143947718	0.000648473500253534	0.0984540650995368	-0.571182986574097
ENSG00000267586.6	chr18	42159283	42691422	532140	+	9813	ENSG00000267586.6	ENSG00000267586	lincRNA	LINC00907	284260	InGen	0.199829070580736	11	ENST00000601948.5;ENST00000593234.5;ENST00000585627.5;ENST00000591199.5;ENST00000586990.5;ENST00000593051.5;ENST00000593316.5;ENST00000591381.5;ENST00000585639.5;ENST00000589068.5;ENST00000586447.1	LINC00907	-0.518578408850008	0.849897354527903	-3.62903131168722	0.000645395344595653	0.0984540650995368	-0.428531480997125
ENSG00000101670.11	chr18	49560699	49599182	38484	+	13112	ENSG00000101670.11	ENSG00000101670	protein_coding	LIPG	9388	InGen	0.733826036227562	7	ENST00000577628.5;ENST00000583083.1;ENST00000261292.8;ENST00000427224.6;ENST00000580036.5;ENST00000579750.1;ENST00000623277.1	LIPG	-0.699395733798477	2.86293673000803	-4.23312211703638	9.30826915990432e-05	0.0480676012148947	1.29840856964494
ENSG00000167306.19	chr18	49822813	50195093	372281	-	10488	ENSG00000167306.19	ENSG00000167306	protein_coding	MYO5B	4645	InGen	1.66930402586425	7	ENST00000285039.11;ENST00000324581.10;ENST00000592688.1;ENST00000587895.1;ENST00000589568.1;ENST00000585859.1;ENST00000586036.1	MYO5B	0.989664049206764	3.23056977778888	3.59266273982349	0.000721963561738489	0.0995697140055822	-0.595748060224533
ENSG00000268357.1	chr19	21123817	21124188	372	+	372	ENSG00000268357.1	ENSG00000268357	unprocessed_pseudogene	VN1R81P	NA	InGen	2.45556527801017	1	ENST00000602085.1	VN1R81P	0.474379180678391	-0.199225331579221	3.60018847459142	0.000705439416506817	0.0987401664353861	-0.648186689932707
ENSG00000267339.5	chr19	28965131	28970874	5744	+	4183	ENSG00000267339.5	ENSG00000267339	lincRNA	LINC00906	148145	InGen	0.639944219380646	6	ENST00000589921.1;ENST00000585813.5;ENST00000587998.5;ENST00000589466.1;ENST00000588609.1;ENST00000589623.1	LINC00906	-0.667988881417292	1.21402540204718	-3.78897815793325	0.000391660856810123	0.0976206400829826	0.021404042120694
ENSG00000105227.14	chr19	40393768	40413366	19599	-	5767	ENSG00000105227.14	ENSG00000105227	protein_coding	PRX	57716	InGen	1.16117111986887	3	ENST00000291825.11;ENST00000324001.7;ENST00000599513.1	PRX	0.625866021325615	2.49746537589938	4.7009017715154	1.91622538899902e-05	0.0313825133406482	2.74396827615417
ENSG00000117877.10	chr19	45406209	45410766	4558	+	3661	ENSG00000117877.10	ENSG00000117877	protein_coding	CD3EAP	10849	InGen	1.73691060764464	4	ENST00000309424.7;ENST00000592852.1;ENST00000589804.1;ENST00000590794.1	CD3EAP	-0.205129057357725	2.62712335277024	-4.42007934247269	4.98587117226947e-05	0.0430427864633073	1.8753240235431
ENSG00000176182.5	chr19	45890020	45902604	12585	-	1890	ENSG00000176182.5	ENSG00000176182	protein_coding	MYPOP	339344	InGen	3.35221734692744	1	ENST00000322217.5	MYPOP	0.224584782296709	2.57913003283782	3.72132395042252	0.00048440041454096	0.0976206400829826	-0.182112859276761
ENSG00000087076.8	chr19	48813017	48836678	23662	-	1281	ENSG00000087076.8	ENSG00000087076	protein_coding	HSD17B14	51171	InGen	9.82827238378012	4	ENST00000263278.8;ENST00000596349.5;ENST00000599157.5;ENST00000595764.1	HSD17B14	-0.281530729357474	3.51892990073868	-3.66363598743406	0.000579797680010903	0.0976206400829826	-0.413795476259086
ENSG00000167766.18	chr19	52594060	52690496	96437	-	8028	ENSG00000167766.18	ENSG00000167766	protein_coding	ZNF83	55769	InGen	5.71477119897249	19	ENST00000600714.5;ENST00000601257.5;ENST00000301096.7;ENST00000536937.5;ENST00000597597.1;ENST00000541777.6;ENST00000545872.1;ENST00000594682.6;ENST00000595939.5;ENST00000596930.5;ENST00000597161.5;ENST00000598536.5;ENST00000601140.1;ENST00000595171.5;ENST00000601237.5;ENST00000596440.5;ENST00000602232.5;ENST00000600457.5;ENST00000598190.1	ZNF83	0.198348860733739	5.49412954447349	3.63647335987363	0.000630714885945323	0.0984540650995368	-0.635739540094762
ENSG00000269825.1	chr19	52650437	52653284	2848	-	2848	ENSG00000269825.1	ENSG00000269825	sense_intronic	CTD-3099C6.9	NA	InGen	2.16104279772302	1	ENST00000598322.1	CTD-3099C6.9	0.338370653517923	2.53488951124783	3.98240796894177	0.000211276711379995	0.0788166040026747	0.569953202756251
ENSG00000241015.2	chr19	53431984	53444670	12687	+	2920	ENSG00000241015.2	ENSG00000241015	transcribed_processed_pseudogene	TPM3P9	147804	InGen	2.01152543386806	2	ENST00000424846.3;ENST00000492121.1	TPM3P9	0.323751189219579	2.49956829202935	3.57623153948304	0.000759335822142151	0.0999367402729943	-0.576125496071448
ENSG00000083812.11	chr19	58467045	58475436	8392	+	5664	ENSG00000083812.11	ENSG00000083812	protein_coding	ZNF324	25799	InGen	2.31943492261852	4	ENST00000535298.5;ENST00000536459.6;ENST00000196482.3;ENST00000593925.1	ZNF324	-0.129075162850324	3.70210995352048	-3.81116137025957	0.000365156141780517	0.0976206400829826	-0.00366398032418935
ENSG00000101276.14	chr20	760080	776015	15936	-	3603	ENSG00000101276.14	ENSG00000101276	protein_coding	SLC52A3	113278	InGen	1.03515692319503	5	ENST00000381944.4;ENST00000217254.11;ENST00000632431.1;ENST00000473664.1;ENST00000488495.1	SLC52A3	0.835454986016074	1.51013129681241	4.32179380866757	6.93180458090042e-05	0.0438167069563806	1.53008446458727
ENSG00000198959.11	chr20	38127387	38166578	39192	-	8036	ENSG00000198959.11	ENSG00000198959	protein_coding	TGM2	7052	InGen	4.77391444267388	6	ENST00000361475.6;ENST00000469269.1;ENST00000468262.5;ENST00000474777.1;ENST00000373403.7;ENST00000453095.1	TGM2	0.653298558318561	4.94506923794709	3.79950992973908	0.00037885470112694	0.0976206400829826	-0.120817579166219
ENSG00000101187.15	chr20	62642445	62685785	43341	+	4051	ENSG00000101187.15	ENSG00000101187	protein_coding	SLCO4A1	28231	InGen	2.46037947599125	9	ENST00000217159.5;ENST00000497209.5;ENST00000370507.5;ENST00000470412.5;ENST00000495889.5;ENST00000466961.5;ENST00000451793.1;ENST00000497919.5;ENST00000466818.1	SLCO4A1	0.852498515525465	2.93566071142426	4.36008316217964	6.09878667523639e-05	0.0430427864633073	1.68613430462052
ENSG00000196700.8	chr20	63956702	63969865	13164	-	5919	ENSG00000196700.8	ENSG00000196700	protein_coding	ZNF512B	57473	InGen	6.27652331085625	1	ENST00000369888.5	ZNF512B	-0.151683566393655	5.17543176864224	-4.09422302471654	0.00014696816351135	0.0586738162958644	0.747868430727012
ENSG00000157551.17	chr21	38157034	38307357	150324	+	9728	ENSG00000157551.17	ENSG00000157551	protein_coding	KCNJ15	3772	InGen	0.025582106329357	21	ENST00000549158.5;ENST00000547341.5;ENST00000547595.5;ENST00000548700.5;ENST00000549805.5;ENST00000549932.5;ENST00000551422.5;ENST00000612702.4;ENST00000613499.4;ENST00000398925.5;ENST00000398928.5;ENST00000328656.8;ENST00000443341.5;ENST00000417042.5;ENST00000398938.6;ENST00000398932.5;ENST00000438657.5;ENST00000398934.5;ENST00000398930.5;ENST00000398927.1;ENST00000419868.1	KCNJ15	1.04632737365333	-2.688302375433	3.6378587772374	0.000628017468792069	0.0984540650995368	-1.44357677311224
ENSG00000157554.18	chr21	38380027	38661780	281754	-	7588	ENSG00000157554.18	ENSG00000157554	protein_coding	ERG	2078	InGen	0.943864194474125	16	ENST00000398905.5;ENST00000398907.5;ENST00000288319.11;ENST00000398897.5;ENST00000398911.5;ENST00000398910.5;ENST00000417133.6;ENST00000442448.5;ENST00000453032.6;ENST00000398919.6;ENST00000481609.5;ENST00000492833.5;ENST00000429727.6;ENST00000468474.5;ENST00000473107.1;ENST00000485493.1	ERG	0.408268308469916	2.73377171726611	4.1359309295513	0.000128218718698336	0.0554796353612207	1.0142323438479
ENSG00000099899.14	chr22	20111866	20117392	5527	-	3963	ENSG00000099899.14	ENSG00000099899	protein_coding	TRMT2A	27037	InGen	5.0805857562632	20	ENST00000252136.11;ENST00000403707.7;ENST00000480339.1;ENST00000444845.5;ENST00000404751.7;ENST00000487668.5;ENST00000439169.2;ENST00000487378.1;ENST00000444256.1;ENST00000494820.5;ENST00000492988.5;ENST00000471040.5;ENST00000488335.1;ENST00000463710.1;ENST00000459644.1;ENST00000468917.1;ENST00000480460.1;ENST00000494641.1;ENST00000464535.1;ENST00000445045.1	TRMT2A	-0.132459048981447	4.2979369364619	-3.81423829708395	0.000361618872411608	0.0976206400829826	-0.0370244481664619
ENSG00000178026.12	chr22	24585620	24593208	7589	-	3422	ENSG00000178026.12	ENSG00000178026	protein_coding	LRRC75B	388886	InGen	2.22294041832351	8	ENST00000318753.12;ENST00000446942.5;ENST00000491910.5;ENST00000404045.6;ENST00000460524.5;ENST00000495297.5;ENST00000465334.1;ENST00000464490.1	LRRC75B	-0.233518299652044	2.85381244819339	-3.60565984764858	0.00069365357463638	0.0984540650995368	-0.524056268417697
ENSG00000128335.13	chr22	36226203	36239954	13752	-	3484	ENSG00000128335.13	ENSG00000128335	protein_coding	APOL2	23780	InGen	12.6976131905606	9	ENST00000358502.9;ENST00000249066.10;ENST00000451256.6;ENST00000529194.5;ENST00000454728.5;ENST00000476579.1;ENST00000489186.1;ENST00000473549.1;ENST00000484830.1	APOL2	0.40625483035077	5.32767700549833	4.1335698442968	0.000129215181672732	0.0554796353612207	0.858168089323739
ENSG00000198911.11	chr22	41833079	41907308	74230	+	7557	ENSG00000198911.11	ENSG00000198911	protein_coding	SREBF2	6721	InGen	28.23423837158	9	ENST00000612482.4;ENST00000361204.8;ENST00000424354.5;ENST00000462539.1;ENST00000464119.1;ENST00000491541.1;ENST00000463741.1;ENST00000435061.1;ENST00000490262.1	SREBF2	-0.11821494814131	7.7070947233596	-3.70591193830715	0.000508299215611119	0.0976206400829826	-0.488465286517667
ENSG00000131831.17	chrX	17800049	17861337	61289	-	2622	ENSG00000131831.17	ENSG00000131831	protein_coding	RAI2	10742	InGen	2.20335321780375	6	ENST00000415486.7;ENST00000360011.5;ENST00000331511.5;ENST00000451717.5;ENST00000545871.1;ENST00000509491.2	RAI2	0.302279949450545	2.44701319022955	4.84274046818132	1.17331480540038e-05	0.0313825133406482	3.18742565358463
ENSG00000223723.1	chrX	36962196	36963425	1230	-	1230	ENSG00000223723.1	ENSG00000223723	processed_pseudogene	BX842568.2	NA	InGen	0.511043703838879	1	ENST00000453595.1	BX842568.2	-0.454498642826683	-0.765064284417348	-3.62533903297563	0.000652799633076712	0.0984540650995368	-0.704617322397118
ENSG00000130052.13	chrX	68647666	68725842	78177	+	5558	ENSG00000130052.13	ENSG00000130052	protein_coding	STARD8	9754	InGen	1.59637317114132	5	ENST00000488088.1;ENST00000252336.10;ENST00000523864.5;ENST00000374599.7;ENST00000374597.3	STARD8	0.391516431794624	3.03167662657239	3.74753067705751	0.000446216981745055	0.0976206400829826	-0.141017236051829
ENSG00000196338.12	chrX	71144831	71171201	26371	+	4006	ENSG00000196338.12	ENSG00000196338	protein_coding	NLGN3	54413	InGen	18.5766944767031	6	ENST00000536169.5;ENST00000612180.4;ENST00000395855.6;ENST00000374051.7;ENST00000358741.3;ENST00000476589.1	NLGN3	-0.192217286862114	6.21258756024973	-4.18573641026178	0.000108854041617032	0.0538496211095037	0.98444734129849
ENSG00000281508.1	chrX	140783176	140784660	1485	+	1485	ENSG00000281508.1	ENSG00000281508	antisense	CDR1-AS	NA	InGen	411.434694843038	1	ENST00000625883.1	CDR1-AS	0.459513167317968	8.87951866500328	4.17639003374992	0.000112257433313687	0.0543517053720479	0.931117464052996
ENSG00000099725.14	chrY	7273972	7381548	107577	+	7674	ENSG00000099725.14	ENSG00000099725	transcribed_unprocessed_pseudogene	PRKY	5616	InGen	0.685666073513586	4	ENST00000528056.5;ENST00000533551.5;ENST00000495163.1;ENST00000472666.1	PRKY	0.245961182054101	2.31615033866663	3.68421088822912	0.000543874329821463	0.0976206400829826	-0.270117599453934
