gene,snp,SNP.PP.H4
ENSG00000234719.8,chr16:11976565:T:C,0.6434642704463751
ENSG00000101052.12,chr20:43185524:A:G,0.5046761620224998
ENSG00000238083.7,chr17:46188473:C:T,0.43805512848425726
ENSG00000238083.7,chr17:46212466:A:G,0.3631451106047821
ENSG00000183831.6,chr1:173743683:G:T,0.3036867106656718
ENSG00000180113.15,chr6:46714163:T:G,0.2764842658823779
ENSG00000180113.15,chr6:46716485:C:T,0.2764842658823779
ENSG00000143333.6,chr1:182773005:G:A,0.24190423836464087
ENSG00000143333.6,chr1:182773057:C:T,0.24190423836464087
ENSG00000153291.15,chr6:46656919:A:T,0.2369312302338318
ENSG00000153291.15,chr6:46714163:T:G,0.2241693053512772
ENSG00000153291.15,chr6:46716485:C:T,0.2241693053512772
ENSG00000143333.6,chr1:182777096:G:A,0.21723844772168455
ENSG00000143333.6,chr1:182778814:C:T,0.21723844772168455
ENSG00000163635.17,chr3:63878936:T:C,0.20649946482181997
ENSG00000163635.17,chr3:63883101:A:C,0.18316953476502887
ENSG00000101017.13,chr20:46093017:T:C,0.17815217090910307
ENSG00000180113.15,chr6:46656919:A:T,0.17723846072022184
ENSG00000101017.13,chr20:46107215:A:G,0.17537616395468814
ENSG00000136928.6,chr9:98302833:T:G,0.17157385227922015
ENSG00000183831.6,chr1:173725120:T:G,0.1714466261556923
ENSG00000183831.6,chr1:173725269:T:A,0.1714466261556923
ENSG00000153291.15,chr6:46680392:A:G,0.15605038018208287
ENSG00000163635.17,chr3:63889058:A:G,0.15329675776042562
ENSG00000238083.7,chr17:46111701:A:G,0.1308205822129468
ENSG00000183831.6,chr1:173740560:G:T,0.12013249534882053
ENSG00000180113.15,chr6:46680392:A:G,0.1167348396873703
ENSG00000005007.12,chr19:19329619:A:G,0.11037361721028767
ENSG00000101104.12,chr20:44907814:C:T,0.10996131585965324
ENSG00000136928.6,chr9:98308205:T:C,0.10324330914040494
ENSG00000163635.17,chr3:63904454:A:G,0.10001790824269595
ENSG00000183831.6,chr1:173770809:G:A,0.09859651720812158
ENSG00000005007.12,chr19:19323541:C:T,0.09410968511937631
ENSG00000005007.12,chr19:19326045:G:A,0.09410968511937631
ENSG00000151773.12,chr13:43822111:G:A,0.0929334755657521
ENSG00000101104.12,chr20:44903797:T:C,0.09145909958528836
ENSG00000005007.12,chr19:19320614:T:G,0.0910948258963143
ENSG00000005007.12,chr19:19322002:T:C,0.089801111019736
ENSG00000005007.12,chr19:19321154:G:T,0.08658599090751799
ENSG00000005007.12,chr19:19322296:C:T,0.08658599090751799
ENSG00000005007.12,chr19:19328822:A:T,0.08658599090751799
ENSG00000101104.12,chr20:44886629:C:T,0.07929547939346035
ENSG00000151773.12,chr13:43846337:G:A,0.07815197993853593
ENSG00000101017.13,chr20:46120612:T:C,0.07548517394965301
ENSG00000164241.13,chr5:127055270:T:C,0.0745125211631905
ENSG00000164241.13,chr5:127082442:A:T,0.0745125211631905
ENSG00000151773.12,chr13:43848952:A:G,0.07405179840762105
ENSG00000101104.12,chr20:44899880:G:A,0.07224362142283451
ENSG00000101104.12,chr20:44900321:G:T,0.06911951384837552
ENSG00000183831.6,chr1:173829600:C:T,0.06717659466251068
ENSG00000101104.12,chr20:44888400:C:T,0.06613665373615771
ENSG00000114054.13,chr3:136679545:A:G,0.06599641798319343
ENSG00000163635.17,chr3:63914801:C:A,0.06587275780184848
ENSG00000164241.13,chr5:127000977:C:T,0.0648372883586987
ENSG00000101017.13,chr20:46101606:G:A,0.06469338641414572
ENSG00000114054.13,chr3:136569563:G:A,0.06333742296441192
ENSG00000101104.12,chr20:44894193:C:T,0.06301073746237738
ENSG00000101104.12,chr20:44896322:C:T,0.06301073746237738
ENSG00000163635.17,chr3:63882574:A:G,0.06036833674275675
ENSG00000114054.13,chr3:136571687:C:G,0.05908781593690859
ENSG00000136928.6,chr9:98306796:C:T,0.05848769307269366
ENSG00000136928.6,chr9:98307051:C:T,0.05848769307269366
ENSG00000005007.12,chr19:19331625:G:A,0.05805472703459471
ENSG00000114054.13,chr3:136681578:G:T,0.05683663030865458
ENSG00000164241.13,chr5:127011852:G:A,0.05568905866034389
ENSG00000164241.13,chr5:127015616:C:T,0.05568905866034389
ENSG00000164241.13,chr5:127016904:C:T,0.05568905866034389
ENSG00000164241.13,chr5:127020350:C:T,0.05568905866034389
ENSG00000136928.6,chr9:98302930:T:G,0.05559134737948396
ENSG00000114054.13,chr3:136555593:G:A,0.05474867789617576
ENSG00000164241.13,chr5:127073496:C:G,0.05433075284739291
ENSG00000101017.13,chr20:46103450:T:C,0.05338701143645576
ENSG00000114054.13,chr3:136627364:T:C,0.05272569415503188
ENSG00000101017.13,chr20:46106624:T:G,0.05078064038764012
ENSG00000151773.12,chr13:43865033:T:C,0.05014296638021343
ENSG00000151773.12,chr13:43872025:G:A,0.05014296638021343
ENSG00000136928.6,chr9:98309240:T:C,0.04958558122813732
ENSG00000101017.13,chr20:46105671:C:T,0.04852629735436646
ENSG00000101017.13,chr20:46095666:A:G,0.047664726209382474
ENSG00000151773.12,chr13:43872681:A:G,0.04755804733374503
ENSG00000151773.12,chr13:43875232:G:C,0.04755804733374503
ENSG00000151773.12,chr13:43882973:A:G,0.04755804733374503
ENSG00000151773.12,chr13:43889907:A:G,0.04755804733374503
ENSG00000101017.13,chr20:46113425:C:A,0.04616665036265846
ENSG00000136928.6,chr9:98305584:G:A,0.04610296414076741
ENSG00000114054.13,chr3:136634351:T:G,0.04554274629385926
ENSG00000136928.6,chr9:98309324:T:C,0.04531370071481647
ENSG00000136928.6,chr9:98309453:G:A,0.04531370071481647
ENSG00000114054.13,chr3:136652662:C:T,0.04529442061652657
ENSG00000164241.13,chr5:127028162:G:A,0.04527815870413204
ENSG00000151773.12,chr13:43859227:G:A,0.044874301797369634
ENSG00000151773.12,chr13:43886334:T:C,0.044874301797369634
ENSG00000164241.13,chr5:126988408:C:T,0.04326107603266135
ENSG00000164241.13,chr5:126993516:T:C,0.04326107603266135
ENSG00000136928.6,chr9:98310669:A:T,0.04310679937076062
ENSG00000151773.12,chr13:43836417:G:A,0.04257137811400383
ENSG00000151773.12,chr13:43838330:T:A,0.04257137811400383
ENSG00000151773.12,chr13:43859429:A:G,0.04257137811400383
ENSG00000151773.12,chr13:43882646:T:G,0.04257137811400383
ENSG00000114054.13,chr3:136580037:G:A,0.04218772828802093
ENSG00000136928.6,chr9:98308808:T:C,0.04189819413287741
ENSG00000114054.13,chr3:136434626:T:C,0.04165998950626921
ENSG00000164241.13,chr5:126980662:C:G,0.0410278584957346
ENSG00000164241.13,chr5:126980904:A:C,0.0410278584957346
ENSG00000114054.13,chr3:136435986:C:T,0.04096599641654744
ENSG00000151773.12,chr13:43841783:T:A,0.04017982571727419
ENSG00000151773.12,chr13:43879344:C:T,0.04017982571727419
ENSG00000101017.13,chr20:46110780:A:T,0.0401391459176262
ENSG00000101017.13,chr20:46111557:C:T,0.0401391459176262
ENSG00000101104.12,chr20:44908559:T:C,0.04008905183392649
ENSG00000136928.6,chr9:98308910:C:T,0.040046982752874064
ENSG00000114054.13,chr3:136590868:T:C,0.039357154225860086
ENSG00000164241.13,chr5:126981234:G:A,0.039102813494787
ENSG00000101104.12,chr20:44885562:C:T,0.03823930349188556
ENSG00000151773.12,chr13:43866305:C:G,0.038127131405476196
ENSG00000136928.6,chr9:98314345:G:A,0.03741859734757741
ENSG00000164241.13,chr5:126971385:G:T,0.037272592145876846
ENSG00000163635.17,chr3:63918083:A:G,0.03689617839661502
ENSG00000114054.13,chr3:136652849:G:T,0.03642419605668263
ENSG00000136928.6,chr9:98307480:C:T,0.03586277296518629
ENSG00000114054.13,chr3:136559409:T:C,0.035461770498303465
ENSG00000164241.13,chr5:126951582:G:A,0.03536306710358266
ENSG00000164241.13,chr5:126977775:T:C,0.03536306710358266
ENSG00000151773.12,chr13:43869841:T:C,0.03416437003733345
ENSG00000101017.13,chr20:46073481:T:C,0.033849904667951465
ENSG00000164241.13,chr5:126998716:C:G,0.0337164370661546
ENSG00000250091.2,chr12:124002131:A:G,0.031907671092035954
ENSG00000114054.13,chr3:136517066:T:C,0.030502580968582327
ENSG00000163635.17,chr3:64000494:A:G,0.030424903286642952
ENSG00000101017.13,chr20:46052214:G:A,0.030293223979424178
ENSG00000101017.13,chr20:46118343:T:C,0.030284879087126983
ENSG00000136928.6,chr9:98306298:G:A,0.030279752480552147
ENSG00000136928.6,chr9:98306367:G:A,0.030279752480552147
ENSG00000250091.2,chr12:124002304:A:G,0.029883384689883986
ENSG00000114054.13,chr3:136312516:G:C,0.029238364707568833
ENSG00000101017.13,chr20:46060026:G:A,0.02815437788101179
ENSG00000136928.6,chr9:98305710:T:A,0.027556854156750923
ENSG00000250091.2,chr12:123997709:T:C,0.02639452006331664
ENSG00000136928.6,chr9:98305452:G:A,0.026226890151562564
ENSG00000163635.17,chr3:63881679:A:G,0.026159442163973777
ENSG00000101104.12,chr20:44903747:A:G,0.025656364985497684
ENSG00000250091.2,chr12:123997143:A:G,0.024891521954994108
ENSG00000101104.12,chr20:44885569:T:C,0.024601895589235877
ENSG00000101104.12,chr20:44909956:G:T,0.024601895589235877
ENSG00000163635.17,chr3:63882595:G:A,0.02451832168861972
ENSG00000163635.17,chr3:63882661:C:T,0.02451832168861972
ENSG00000101104.12,chr20:44901038:T:C,0.023592973312300845
ENSG00000250091.2,chr12:123994784:C:T,0.023324798752562572
ENSG00000250091.2,chr12:123939270:T:C,0.02302059437235818
ENSG00000101104.12,chr20:44885696:G:T,0.02253331918000502
ENSG00000101104.12,chr20:44906262:G:A,0.02253331918000502
ENSG00000250091.2,chr12:123994019:A:T,0.022001881665693772
ENSG00000101104.12,chr20:44888560:A:G,0.021613479958972347
ENSG00000101104.12,chr20:44890896:A:G,0.021613479958972347
ENSG00000101104.12,chr20:44899568:T:C,0.021613479958972347
ENSG00000101104.12,chr20:44904645:T:G,0.020749741770048173
ENSG00000101104.12,chr20:44898696:C:T,0.020647200958363254
ENSG00000250091.2,chr12:124004615:A:G,0.020622535646303373
ENSG00000005007.12,chr19:19329257:C:T,0.020074689466312152
ENSG00000250091.2,chr12:123992052:T:A,0.019457550117975064
ENSG00000250091.2,chr12:123992159:C:G,0.019457550117975064
ENSG00000250091.2,chr12:123943615:T:A,0.019318878794839213
ENSG00000250091.2,chr12:124008063:T:G,0.01903869729596703
ENSG00000114054.13,chr3:136281901:A:G,0.018698917780224134
ENSG00000250091.2,chr12:123992014:C:T,0.018242573833298723
ENSG00000250091.2,chr12:123980289:G:T,0.017599686993283948
ENSG00000250091.2,chr12:123982176:C:T,0.017599686993283948
ENSG00000250091.2,chr12:123982657:C:A,0.017599686993283948
ENSG00000114054.13,chr3:136308707:A:G,0.01734459699621695
ENSG00000114054.13,chr3:136338019:T:C,0.01734459699621695
ENSG00000250091.2,chr12:123996319:G:A,0.017216161244898463
ENSG00000250091.2,chr12:123939053:G:C,0.017139482736128878
ENSG00000250091.2,chr12:123919222:C:T,0.017046653617495244
ENSG00000143333.6,chr1:182771451:C:A,0.01685021280078224
ENSG00000164241.13,chr5:127097472:T:G,0.016694775263613734
ENSG00000250091.2,chr12:123985191:A:G,0.01660010986759477
ENSG00000250091.2,chr12:123985512:C:T,0.01660010986759477
ENSG00000114054.13,chr3:136288491:A:G,0.01620060731303897
ENSG00000250091.2,chr12:123990609:A:G,0.01614544147414998
ENSG00000250091.2,chr12:123941294:A:G,0.01609634506749346
ENSG00000250091.2,chr12:123942189:C:T,0.01609634506749346
ENSG00000250091.2,chr12:123955563:C:A,0.01609634506749346
ENSG00000164241.13,chr5:127097443:C:T,0.015951379068516056
ENSG00000163635.17,chr3:63940985:G:A,0.015654055490380275
ENSG00000250091.2,chr12:123975620:G:T,0.015558023845871646
ENSG00000250091.2,chr12:123930906:T:C,0.015301915374162492
ENSG00000250091.2,chr12:123934127:C:T,0.015213766093309091
ENSG00000250091.2,chr12:123951241:T:A,0.015213766093309091
ENSG00000250091.2,chr12:123920171:T:C,0.015175398425443739
ENSG00000250091.2,chr12:123922856:C:T,0.015175398425443739
ENSG00000164241.13,chr5:127096908:G:C,0.015173947924248981
ENSG00000114054.13,chr3:136274757:A:C,0.015031113399299493
ENSG00000164241.13,chr5:127097047:A:G,0.014501971418327665
ENSG00000250091.2,chr12:123952668:A:T,0.014435946911949575
ENSG00000163635.17,chr3:63903259:G:C,0.014411126037968944
ENSG00000250091.2,chr12:123992326:C:T,0.014365616472128808
ENSG00000250091.2,chr12:123995826:G:C,0.014365616472128808
ENSG00000250091.2,chr12:123932792:G:A,0.01429169484762531
ENSG00000250091.2,chr12:123940531:A:G,0.01429169484762531
ENSG00000114054.13,chr3:136278028:T:A,0.014043009397222327
ENSG00000114054.13,chr3:136286083:C:T,0.014043009397222327
ENSG00000250091.2,chr12:124006982:G:C,0.014040770171414332
ENSG00000250091.2,chr12:123929551:C:T,0.013511353542882238
ENSG00000250091.2,chr12:123933925:C:G,0.013511353542882238
ENSG00000250091.2,chr12:123934515:A:C,0.013511353542882238
ENSG00000250091.2,chr12:123953670:C:T,0.013511353542882238
ENSG00000250091.2,chr12:123954426:G:C,0.013511353542882238
ENSG00000250091.2,chr12:123984025:G:C,0.013498689955799049
ENSG00000250091.2,chr12:123923129:T:C,0.01348420024388314
ENSG00000250091.2,chr12:123923444:A:G,0.01348420024388314
ENSG00000143333.6,chr1:182777140:A:C,0.012845994985411906
ENSG00000250091.2,chr12:123961022:C:G,0.012815377737085902
ENSG00000250091.2,chr12:123973455:C:A,0.012398132262057474
ENSG00000005007.12,chr19:19330055:C:T,0.012258810787327734
ENSG00000250091.2,chr12:123928944:G:A,0.012069290702385943
ENSG00000250091.2,chr12:123946065:G:A,0.012069290702385943
ENSG00000250091.2,chr12:123932791:T:C,0.011413069745077083
ENSG00000250091.2,chr12:123947154:A:G,0.011413069745077083
ENSG00000250091.2,chr12:123962799:T:C,0.011284065949469383
ENSG00000250091.2,chr12:123957333:C:G,0.010673131909360109
ENSG00000250091.2,chr12:123962181:A:G,0.010673131909360109
ENSG00000005007.12,chr19:19283587:C:T,0.010323617129147495
ENSG00000005007.12,chr19:19315800:C:T,0.010323617129147495
ENSG00000250091.2,chr12:123943784:T:C,0.010146363076182111
ENSG00000250091.2,chr12:123946502:G:A,0.010146363076182111
ENSG00000250091.2,chr12:123935181:C:T,0.010034385304211425
ENSG00000005007.12,chr19:19285158:T:C,0.009592522609744258
ENSG00000005007.12,chr19:19286670:A:C,0.009592522609744258
ENSG00000005007.12,chr19:19287196:A:G,0.009592522609744258
ENSG00000250091.2,chr12:123964676:C:A,0.009539141594750443
ENSG00000250091.2,chr12:123981448:T:C,0.009321512821510933
ENSG00000005007.12,chr19:19290409:G:A,0.008841978834379408
ENSG00000005007.12,chr19:19292601:A:G,0.008841978834379408
ENSG00000005007.12,chr19:19311676:A:G,0.008841978834379408
ENSG00000250091.2,chr12:123956196:G:T,0.008487056419863118
ENSG00000005007.12,chr19:19293977:C:G,0.008217854813617666
ENSG00000005007.12,chr19:19294596:T:C,0.008217854813617666
ENSG00000005007.12,chr19:19319166:C:G,0.008217854813617666
ENSG00000005007.12,chr19:19302572:A:G,0.0075769622751675645
ENSG00000005007.12,chr19:19303138:A:G,0.0075769622751675645
ENSG00000114054.13,chr3:136273803:T:C,0.007387418128626296
ENSG00000114054.13,chr3:136316375:G:A,0.00713037078555821
ENSG00000114054.13,chr3:136316461:C:T,0.00621733602282856
ENSG00000114054.13,chr3:136526973:G:A,0.0053391379694797715
ENSG00000114054.13,chr3:136328347:A:G,0.005213401146510559
ENSG00000114054.13,chr3:136658535:T:C,0.005013467371829352
ENSG00000114054.13,chr3:136683451:C:T,0.005013467371829352
ENSG00000114054.13,chr3:136320426:C:A,0.004703386098318846
ENSG00000114054.13,chr3:136662526:A:C,0.004653365372368878
ENSG00000114054.13,chr3:136319732:G:A,0.004409124755434082
ENSG00000114054.13,chr3:136650868:T:C,0.004352006436893533
ENSG00000114054.13,chr3:136651250:C:T,0.004352006436893533
ENSG00000114054.13,chr3:136707980:A:T,0.004310113956351061
ENSG00000114054.13,chr3:136685841:C:T,0.004040579029243024
ENSG00000114054.13,chr3:136695479:C:T,0.004040579029243024
ENSG00000114054.13,chr3:136706672:A:C,0.004040579029243024
ENSG00000114054.13,chr3:136725747:C:T,0.004040579029243024
ENSG00000114054.13,chr3:136598560:G:T,0.0040383931905529765
ENSG00000114054.13,chr3:136601107:C:T,0.0040383931905529765
ENSG00000114054.13,chr3:136618187:G:A,0.0040383931905529765
