"","0.5:1e-04","0.5:1e-05","0.5:1e-06","0.75:1e-04","0.75:1e-05","0.75:1e-06","0.9:1e-04","0.9:1e-05","0.9:1e-06"
"0",0,0,0,0,0,0,0,0,0
"0.01",2.62225335334598e-07,2.33707629915259e-08,2.1275435857504e-09,4.93744831686627e-08,4.39695768683634e-09,4.00012689638629e-10,8.41158298570122e-09,7.48961781482649e-10,6.81280587500055e-11
"0.02",1.08552869937384e-06,9.70354252505246e-08,8.85498574465515e-09,1.98797196926392e-07,1.77135381917992e-08,1.61222923900084e-09,3.36840449977061e-08,2.99949409754419e-09,2.72865396944155e-10
"0.03",2.58475205505704e-06,2.32198094973768e-07,2.12749831085546e-08,4.52199134026721e-07,4.03305059348824e-08,3.67357055885975e-09,7.59306899578149e-08,6.7625565147722e-09,6.15273387793991e-10
"0.04",4.96845351982689e-06,4.49439234384563e-07,4.14128537018499e-08,8.16243404866412e-07,7.28947123773693e-08,6.64687105356165e-09,1.35340905482728e-07,1.20564747074781e-08,1.0971278330274e-09
"0.05",8.56687766592756e-06,7.81880612810149e-07,7.25701786441491e-08,1.30049520086217e-06,1.16337832922753e-07,1.0622872137489e-08,2.12180987890775e-07,1.89070314959849e-08,1.72092762262821e-09
"0.06",1.38758134174966e-05,1.28026887435961e-06,1.19886881533304e-07,1.91766535684312e-06,1.71903349333036e-07,1.57231047070994e-08,3.06795301163731e-07,2.73475933010303e-08,2.4899091677355e-09
"0.07",2.16215679558207e-05,2.02073680677373e-06,1.91219031830947e-07,2.68393325197902e-06,2.41182555371644e-07,2.2103753494207e-08,4.19607774748698e-07,3.74192755669966e-08,3.4080631650113e-09
"0.08",3.28545514793888e-05,3.11638287187055e-06,2.98483284089102e-07,3.61935661419288e-06,3.26160613739468e-07,2.99606316422896e-08,5.51123747638549e-07,4.91711450445464e-08,4.48015657905643e-09
"0.09",4.90818356804201e-05,4.734336787382e-06,4.59697079513433e-07,4.74837774999681e-06,4.29273982915923e-07,3.95354265991799e-08,7.01932164615116e-07,6.26604621523086e-08,5.71175851060701e-09
"0.1",7.24526602176034e-05,7.12070976205403e-06,7.02058315038556e-07,6.100437858092e-06,5.53480844156518e-07,5.1123421274113e-08,8.72708133203837e-07,7.79529634176157e-08,7.10926950642232e-09
"0.11",0.000106015337460907,1.06368358399056e-05,1.06657579324043e-06,7.71071342098306e-06,7.02346521941344e-07,6.5082943589978e-08,1.06421585455152e-06,9.51231859946944e-08,8.67995719744385e-09
"0.12",0.000154069416392733,1.58115870152464e-05,1.61500561679517e-06,9.62099124679483e-06,8.80146299064855e-07,8.18468494090396e-08,1.27731193566571e-06,1.14254834815419e-07,1.04319950455789e-08
"0.13",0.000222643283539492,2.34163991279512e-05,2.44020080508722e-06,1.18807015873079e-05,1.09198850029024e-06,1.01936413643422e-07,1.51294910044619e-06,1.35441195814323e-07,1.23745065305769e-08
"0.14",0.000320134409022232,3.45721039441971e-05,3.68148516993738e-06,1.45481319216989e-05,1.34396125761604e-06,1.25978077636368e-07,1.77218031138793e-06,1.58785596338085e-07,1.45176151100657e-08
"0.15",0.00045815674337224,5.08998597676946e-05,5.54737555147344e-06,1.76918475127685e-05,1.64330699559123e-06,1.54723592493688e-07,2.05616332038527e-06,1.84401913738697e-07,1.68724981763901e-08
"0.16",0.000652646530960865,7.47325362281392e-05,8.34897361945419e-06,2.13923487371037e-05,1.99862939664897e-06,1.89074206624618e-07,2.36616566462455e-06,2.12415137701427e-07,1.94514487850128e-08
"0.17",0.000925282749633771,0.000109407932990635,1.25487236538602e-05,2.57439995184905e-05,2.42013843465561e-06,2.30109670540379e-07,2.70357013010258e-06,2.42961985863488e-07,2.2267941490739e-08
"0.18",0.00130527965338245,0.000159671216404811,1.88310999827968e-05,3.08572659637463e-05,2.9199400304325e-06,2.79122981394764e-07,3.06988070175596e-06,2.76191577830431e-07,2.53367058444809e-08
"0.19",0.00183160397799476,0.000232220826560825,2.82042783538161e-05,3.68613095739212e-05,3.51237798301707e-06,3.37661967941827e-07,3.46672902484801e-06,3.1226616947766e-07,2.86738065513603e-08
"0.2",0.00255565513100575,0.000336439507378383,4.21451000600648e-05,4.3906985177089e-05,4.21443710552083e-06,4.07579024419569e-07,3.89588140370378e-06,3.51361952311002e-07,3.22967305121935e-08
"0.21",0.0035444195184875,0.000485359394707729,6.28037898420253e-05,5.21703000539997e-05,5.04621795904825e-06,4.91090548004891e-07,4.35924636255081e-06,3.93669921328055e-07,3.6224482524716e-08
"0.22",0.00488406634730498,0.000696916181660789,9.32900370171907e-05,6.18563975914865e-05,6.03149524724955e-06,5.90847924031301e-07,4.85888280066238e-06,4.39396814155835e-07,4.04776878681901e-08
"0.23",0.0066838885879652,0.000995550643941967,0.000138068213445752,7.32041362244695e-05,7.19837385643185e-06,7.10022245664632e-07,5.39700877166815e-06,4.88766128681206e-07,4.50787058792201e-08
"0.24",0.00908040753745687,0.00141421400260977,0.000203496558955907,8.64913423922475e-05,8.58005870596479e-06,8.52405354967445e-07,5.9760109206719e-06,5.4201922194963e-07,5.00517505219733e-08
"0.25",0.0122413534657658,0.00199682383819499,0.000298552765116922,0.000102040824714766,1.02157570618377e-05,1.02253026090793e-06,6.59845461659092e-06,5.99416495994376e-07,5.54230236149422e-08
"0.26",0.016369113039572,0.00280119612203922,0.000435795851607024,0.000120227245543614,1.21517347800859e-05,1.22581454331527e-06,7.26709481624344e-06,6.61238676702425e-07,6.12208574946038e-08
"0.27",0.0217031067665211,0.00390244271867723,0.00063262042964396,0.000141484955385685,1.4442551130589e-05,1.46873099260425e-06,7.98488770326067e-06,7.27788191934309e-07,6.74758692253974e-08
"0.28",0.0285204429808821,0.00539676902655362,0.000912862700973793,0.000166316905326425,1.71525004332151e-05,1.75901048615756e-06,8.75500314390099e-06,7.99390654337984e-07,7.42211286874905e-08
"0.29",0.0371341115767289,0.00740553092070872,0.00130881553107809,0.000195304762364734,2.03572927579554e-05,2.10588297566705e-06,9.58083800717269e-06,8.76396457405448e-07,8.14923392100653e-08
"0.3",0.0478879585262219,0.0100793136368995,0.00186369970531164,0.000229120362327029,2.41460104247748e-05,2.52036347259121e-06,1.04660303983373e-05,9.59182490878341e-07,8.93280325264811e-08
"0.31",0.0611477510362736,0.0136016808954512,0.00263461655501862,0.000268538644530691,2.86233820311343e-05,3.01559109538996e-06,1.14144748576406e-05,1.04815398438429e-06,9.77697798276722e-08
"0.32",0.077287830078597,0.0181921183054233,0.00369596985008214,0.000314452221335859,3.39124212505038e-05,3.6072305968915e-06,1.24303385812263e-05,1.1437464880748e-06,1.06862419690934e-07
"0.33",0.0966731697768538,0.0241075745389221,0.00514328886372895,0.000367887743833117,4.01574837237684e-05,4.31394735667112e-06,1.35180787215194e-05,1.24642799836927e-06,1.16654302884101e-07
"0.34",0.119637122861513,0.0316419066415436,0.00709730766550531,0.000430024231747872,4.75278020095615e-05,5.1579686199954e-06,1.46824608295848e-05,1.35670124012943e-06,1.27197558152936e-07
"0.35",0.146455705621015,0.0411224872401739,0.00970805808728703,0.000502213540753194,5.62215657868848e-05,6.1657458261255e-06,1.5928578507185e-05,1.47510611514523e-06,1.38548376993342e-07
"0.36",0.177319913871654,0.0529032595571592,0.0131586190468103,0.000586003143210223,6.6470622309911e-05,7.36873522166892e-06,1.72618743349284e-05,1.60222232770124e-06,1.5076732207131e-07
"0.37",0.212308184598205,0.0673536584367346,0.017668041369717,0.000683161398307486,7.85458804671846e-05,8.80431663574655e-06,1.8688162152336e-05,1.73867220043533e-06,1.63919659179612e-07
"0.38",0.25136162507385,0.0848430729558985,0.0234928489758801,0.000795705483940701,9.27635106806601e-05,1.05168733341987e-05,2.02136507676531e-05,1.88512369236893e-06,1.78075714618586e-07
"0.39",0.294264912239002,0.10572091632642,0.0309264242594457,0.000925932154714149,0.00010949204220434,1.25590593089697e-05,2.18449691767875e-05,2.04229363331976e-06,1.93311260887619e-07
"0.4",0.340635719570111,0.130292879421825,0.0402955426951992,0.00107645147731883,0.000129160469075074,1.49932842280487e-05,2.35891933800803e-05,2.21095118890791e-06,2.09707931797531e-07
"0.41",0.389925088673495,0.158794537962981,0.0519533567918832,0.00125022367536065,0.000152267485899027,1.78934506145367e-05,2.54538748867272e-05,2.39192157314161e-06,2.27353670112507e-07
"0.42",0.441430314427994,0.191364095870173,0.0662682687087488,0.00145059918954382,0.000179391984660437,2.13469826660928e-05,2.74470710015517e-05,2.58609002279364e-06,2.46343208609723e-07
"0.43",0.494320710791352,0.228016590778972,0.0836083933532223,0.00168136202498748,0.000211204953609601,2.5457191507483e-05,2.95773769964924e-05,2.7944060535523e-06,2.66778589996797e-07
"0.44",0.547675197039627,0.268622260603902,0.104321705229221,0.00194677641439767,0.000248482928767446,3.0346027618533e-05,3.18539602702783e-05,3.01788801626568e-06,2.88769724243743e-07
"0.45",0.600529179750308,0.312891872443494,0.128712468457408,0.00225163677288431,0.000292123157355162,3.61572777055619e-05,3.42865966098671e-05,3.25762797248608e-06,3.12434991323052e-07
"0.46",0.651926926544959,0.360371568729439,0.157015131498604,0.00260132085650444,0.000343160640152163,4.30602704241112e-05,3.68857086670005e-05,3.51479691151901e-06,3.37901887581538e-07
"0.47",0.700974750650145,0.410449154135154,0.189367461837824,0.0030018459613389,0.000402787225948775,5.12541630860452e-05,3.96624067747764e-05,3.79065033218051e-06,3.65307723515507e-07
"0.48",0.746890019587412,0.462372753016932,0.225785215212354,0.00345992791241889,0.000472372935396703,6.09728898126605e-05,4.2628532231026e-05,4.0865342124663e-06,3.94800373282322e-07
"0.49",0.789041349478637,0.515281500497491,0.266140980992463,0.0039830424916717,0.000553489693064346,7.24908604649022e-05,4.57967031830542e-05,4.4038913938893e-06,4.26539082165611e-07
"0.5",0.826976322217154,0.568246542282592,0.310149925558132,0.00457948884106019,0.000647937644737362,8.61295090683889e-05,4.91803632539645e-05,4.74426840646469e-06,4.60695334658645e-07
"0.51",0.860434529613227,0.620319303846237,0.357364896802442,0.00525845425139926,0.000757774231211372,0.000102264800245777,5.27938330578959e-05,5.10932276565068e-06,4.97453789494173e-07
"0.52",0.889345482431882,0.670582955900075,0.407182724598634,0.0060300796094841,0.000885346179228752,0.000121335812280354,5.66523647583805e-05,5.50083077033303e-06,5.37013284507282e-07
"0.53",0.913812653239145,0.718202431316547,0.458862580172262,0.00690552462715899,0.00103332455392391,0.00014385452569321,6.07721998285848e-05,5.92069583460475e-06,5.79587917659552e-07
"0.54",0.934086387037187,0.762468356836224,0.511556030928032,0.00789703181734236,0.00120474299427631,0.000170416956442598,6.51706301841859e-05,6.37095739008942e-06,6.25408210108702e-07
"0.55",0.950529406686836,0.802830877776187,0.564347093185255,0.00901798801592857,0.00140303922265861,0.000201715782791156,6.98660628597469e-05,6.85380039322503e-06,6.74722356763802e-07
"0.56",0.963579048764466,0.838920500418627,0.616299329446075,0.0102829820777179,0.00163209988066793,0.000238554624239273,7.48780884146649e-05,7.37156547891971e-06,7.27797570543309e-07
"0.57",0.97371018637769,0.870554587579791,0.666506054771032,0.0117078572025642,0.00189630869508239,0.000281864139337396,8.022755325654e-05,7.92675980043622e-06,7.84921527996474e-07
"0.58",0.981402125263166,0.897729788323308,0.714139177915234,0.0133097561790029,0.00220059791910576,0.000332720116225538,8.59366360791425e-05,8.52206860046945e-06,8.46403923393524e-07
"0.59",0.987111766032269,0.920602213831799,0.758492215829741,0.0151071576717005,0.00255050292423209,0.000392363734923018,9.20289286223674e-05,9.16036755960192e-06,9.12578138612119e-07
"0.6",0.991254207104992,0.939458366804058,0.799013607906019,0.0171199015318061,0.00295221973640147,0.000462224183130244,9.85295209657844e-05,9.84473597187563e-06,9.83803037923892e-07
"0.61",0.99419090703208,0.954680538233868,0.835327546739644,0.0193692009820715,0.00341266521613171,0.000543943806956881,0.000105465091577606,1.05784707993273e-05,1.06046489689593e-06
"0.62",0.996224674783813,0.9667105426104,0.867240977613075,0.0218776394283509,0.00393953947573811,0.000639405973857921,0.000112864002350221,1.13651016606653e-05,1.14297947373387e-06
"0.63",0.997600192862059,0.976015306803926,0.894736983988456,0.0246691495832261,0.00454139000764009,0.000750765816327492,0.000120756398858446,1.22084068125972e-05,1.23179423605624e-06
"0.64",0.998508516700181,0.983057076234423,0.91795623784085,0.0277689725637357,0.00522767686651338,0.000880484010750915,0.000129174316087721,1.31124301865349e-05,1.32739075064947e-06
"0.65",0.9990939973306,0.988270021285619,0.937169343938761,0.0312035946513365,0.00600883810551656,0.0010313637253142,0.000138151789887186,1.40814995430727e-05,1.43028725108074e-06
"0.66",0.999462271543641,0.992043996820026,0.952743601127553,0.0350006594859739,0.006896354514348,0.00120659084310082,0.000147724974409846,1.51202458174016e-05,1.54104139427069e-06
"0.67",0.999688271395148,0.994715285506429,0.965107881716623,0.0391888536147125,0.00790281254637837,0.00140977753050031,0.000157932265812066,1.62336237232719e-05,1.66025321957086e-06
"0.68",0.999823545817156,0.996563452107365,0.974719022301139,0.0437977635352675,0.00904196415606673,0.00164500917585775,0.000168814432491726,1.74269336968846e-05,1.78856832566687e-06
"0.69",0.999902502339583,0.997813003636981,0.982032431358984,0.0488577026713506,0.0103287820994963,0.00191689466801437,0.000180414752151914,1.87058452582045e-05,1.92668127885209e-06
"0.7",0.999947430710413,0.998638386848593,0.987478704047958,0.054399507093881,0.0117795090840255,0.00223061991817719,0.000192779155988254,2.00764218759586e-05,2.07533927176762e-06
"0.71",0.999972348562773,0.999170914970035,0.991447059824227,0.0604542992618382,0.0134116989923131,0.0025920044507115,0.00020595638030052,2.15451474266937e-05,2.23534604704145e-06
"0.72",0.999985815106234,0.999506431042417,0.994275532612477,0.0670532195986187,0.0152442482566288,0.00300756079843134,0.000219998125842835,2.31189543412613e-05,2.40756610692117e-06
"0.73",0.999992905280385,0.999712811095894,0.996247153471567,0.0742271263414054,0.0172974153272982,0.00348455633545142,0.000234959225228981,2.4805253537874e-05,2.59292922766274e-06
"0.74",0.99999654119646,0.999836721211012,0.997590926454675,0.0820062647965526,0.019592826070881,0.00403107706564243,0.000250897818719897,2.66119662478692e-05,2.79243529999196e-06
"0.75",0.999998356834168,0.999909320564573,0.998486212629263,0.0904199078944994,0.0221534628562058,0.00465609275751,0.00026787553872476,2.85475578415406e-05,3.00715951828678e-06
"0.76",0.999999239520462,0.999950820673849,0.999069167486886,0.0994959707511039,0.0250036350469948,0.00536952267764268,0.000285957703355155,3.06210737708312e-05,3.23825794257271e-06
"0.77",0.999999657206614,0.999973960546549,0.999440061526966,0.109260602793069,0.0281689286259674,0.00618230102595263,0.000305213519376513,3.28421777501253e-05,3.48697345875504e-06
"0.78",0.999999849545064,0.999986543246799,0.999670583669474,0.119737761874532,0.0316761327343956,0.00710644101852387,0.000325716294904854,3.522119230015e-05,3.75464216484378e-06
"0.79",0.999999935716131,0.999993214308646,0.999810519984329,0.130948775678082,0.0355531410301161,0.00815509640033341,0.000347543662205574,3.77691417901005e-05,4.0427002110377e-06
"0.8",0.999999973269099,0.999996662032759,0.999893469042888,0.142911896531922,0.0398288259524289,0.00934261900340649,0.000370777810948963,4.04977981163235e-05,4.35269112597503e-06
"0.81",0.999999989184725,0.999998398616606,0.999941471677902,0.15564185655879,0.0445328842395368,0.0106846107997808,0.000395505732285528,4.34197291628857e-05,4.68627366057017e-06
"0.82",0.999999995743309,0.999999250921691,0.999968586183955,0.16914943077346,0.0496956523773929,0.0121979687373096,0.000421819474101803,4.65483501981279e-05,5.04523018507452e-06
"0.83",0.999999998370639,0.999999658435076,0.999983532452474,0.183441016334987,0.0553478910704855,0.0139009204948825,0.00044981640782249,4.98979783651876e-05,5.43147567566571e-06
"0.84",0.999999999393578,0.999999848214263,0.999991570874621,0.198518236608747,0.0615205383157091,0.0158130491577233,0.00047959950712062,5.34838904345802e-05,5.8470673309774e-06
"0.85",0.999999999780595,0.999999934279669,0.999995788123858,0.214377578974275,0.0682444312281926,0.0179553046993042,0.000511277638899355,5.73223839906989e-05,6.29421485809356e-06
"0.86",0.999999999922849,0.99999997228079,0.999997945980633,0.231010075402871,0.0755499974082989,0.020350000070806,0.000544965866906555,6.14308422366427e-05,6.77529147508071e-06
"0.87",0.999999999973639,0.99999998861384,0.999999022610114,0.24840103470257,0.0834669173446329,0.0230207896490372,0.000580785768334868,6.58278026041126e-05,7.29284567391186e-06
"0.88",0.99999999999125,0.999999995445993,0.999999546302883,0.266529834970809,0.0920237601084021,0.0259926277865421,0.000618865763762466,7.05330293659934e-05,7.84961379607374e-06
"0.89",0.999999999997179,0.999999998226887,0.999999794599504,0.285369784195983,0.101247595396359,0.0292917052504956,0.000659341460774732,7.55675904567932e-05,8.44853347081731e-06
"0.9",0.999999999999117,0.999999999328087,0.999999909326898,0.30488805610447,0.111163585806234,0.0329453614368378,0.000702356011603622,8.09539387144342e-05,9.0927579748934e-06
"0.91",0.999999999999732,0.999999999752239,0.999999960978593,0.325045707262951,0.121794564060512,0.036981970409303,0.000748060485107782,8.67159977631093e-05,9.78567156928456e-06
"0.92",0.999999999999921,0.999999999911119,0.999999983632497,0.345797780129174,0.133160600709451,0.0414307990450762,0.000796614253407268,9.28792527691291e-05,1.05309058785474e-05
"0.93",0.999999999999977,0.999999999968987,0.999999993309999,0.367093495217848,0.14527856861802,0.0463218358740484,0.000848185393466316,9.94708463050165e-05,1.13323573759372e-05
"0.94",0.999999999999994,0.999999999989476,0.999999997335935,0.3888765338411,0.158161711247921,0.0516855895798536,0.000902951103907257,0.000106519679571315,1.21942060459235e-05
"0.95",0.999999999999998,0.999999999996528,0.999999998966643,0.411085411031726,0.171819222358105,0.057552856588946,0.000961098137313932,0.000114056519228689,1.31209352970396e-05
"0.96",1,0.999999999998886,0.999999999609648,0.433653936306553,0.186255845238175,0.0639544577076644,0.00102282324826364,0.000122114110105764,1.41173532025585e-05
"0.97",1,0.999999999999653,0.999999999856426,0.456511757927218,0.201471499932535,0.0709209443727781,0.00108833365729999,0.000130727294053612,1.51886151512626e-05
"0.98",1,0.999999999999895,0.999999999948592,0.479584984321784,0.217460947084881,0.0784822757519781,0.00115784753103532,0.000139933135227865,1.6340247995239e-05
"0.99",1,0.999999999999969,0.999999999982084,0.502796874401351,0.234213497011,0.0866674686578129,0.00123159447853516,0.000149771052087799,1.75781757849602e-05
"1",1,0.999999999999991,0.999999999993924,0.526068586700765,0.251712772375709,0.0955042230093769,0.00130981606410807,0.000160282956408797,1.89087471881288e-05
"1.01",1,0.999999999999998,0.999999999997995,0.549319975650107,0.269936532394441,0.105018526375363,0.00139276633658614,0.00017151339961452,2.03387646944275e-05
"1.02",1,0.999999999999999,0.999999999999357,0.572470421899354,0.288856565795155,0.115234241941781,0.00148071237514003,0.00018350972674086,2.18755157103123e-05
"1.03",1,1,0.999999999999799,0.595439682522061,0.308438658862148,0.126172685047015,0.00157393485163004,0.000196322238353197,2.35268056578697e-05
"1.04",1,1,0.999999999999939,0.618148746157559,0.328642643747455,0.137852194193057,0.00167272860944534,0.000210004360745031,2.53009931946435e-05
"1.05",1,1,0.999999999999982,0.640520677747741,0.349422530893327,0.150287703150106,0.00177740325873554,0.000224612824752168,2.72070276772229e-05
"1.06",1,1,0.999999999999995,0.662481437505801,0.370726727883544,0.163490321396573,0.00188828378787931,0.000240207853525298,2.92544889995972e-05
"1.07",1,1,0.999999999999999,0.683960659129671,0.392498345363171,0.17746693065208,0.00200571119097948,0.000256853359606346,3.14536299406143e-05
"1.08",1,1,1,0.704892373039335,0.414675588872872,0.192219805641736,0.00213004311110754,0.000274617151663881,3.38154211648733e-05
"1.09",1,1,1,0.725215661557376,0.437192233579783,0.207746267452257,0.00226165449895477,0.000293571151243399,3.63515990242647e-05
"1.1",1,1,1,0.744875234437298,0.459978177000366,0.224038377882767,0.00240093828647581,0.000313791619894421,3.90747163189209e-05
"1.11",1,1,1,0.763821914932276,0.482960062955017,0.241082683037978,0.00254830607503065,0.000335359397039436,4.19981961780058e-05
"1.12",1,1,1,0.782013028636372,0.506061968223272,0.258860014045199,0.00270418883745616,0.000358360148952852,4.51363892335355e-05
"1.13",1,1,1,0.799412689559831,0.529206141737587,0.277345352191794,0.00286903763340574,0.000382884629216429,4.85046342646456e-05
"1.14",1,1,1,0.815991980252774,0.55231378471486,0.296507764974278,0.00304332433721355,0.000409028951021795,5.21193224984895e-05
"1.15",1,1,1,0.831729025195936,0.575305858927523,0.316310418529508,0.00322754237743905,0.000436894871687521,5.59979657605014e-05
"1.16",1,1,1,0.846608959060639,0.598103909402668,0.336710670694502,0.0034222074871515,0.000466590089756025,6.01592686791941e-05
"1.17",1,1,1,0.860623793731824,0.620630887243687,0.357660247534036,0.00362785846391289,0.000498228555033009,6.46232051522144e-05
"1.18",1,1,1,0.873772190120784,0.642811958020432,0.37910550461099,0.00384505793830381,0.000531930791926705,6.94110992947028e-05
"1.19",1,1,1,0.886059142707929,0.664575281286057,0.400987772587487,0.00407439314973179,0.000567824236436643,7.45457110963299e-05
"1.2",1,1,1,0.897495586399122,0.685852747256092,0.423243784974291,0.00431647672814039,0.000606043587133898,8.00513270224901e-05
"1.21",1,1,1,0.908097936610903,0.7065806575195,0.445806184037427,0.00457194748011747,0.000646731170466097,8.5953855805454e-05
"1.22",1,1,1,0.917887574491289,0.726700337823401,0.468604099072621,0.00484147117777933,0.000690037320703496,9.22809296761695e-05
"1.23",1,1,1,0.926890289817439,0.746158672451434,0.491563789521349,0.00512574134867516,0.000736120774833982,9.90620113010543e-05
"1.24",1,1,1,0.935135694385761,0.76490855145908,0.514609343778908,0.00542548006482801,0.000785149082693004,0.000106328506693787
"1.25",1,1,1,0.94265661863284,0.782909223987427,0.537663423085183,0.0057414387288911,0.000837299032598993,0.000114113884380429
"1.26",1,1,1,0.949488503817498,0.800126552991921,0.560648038640832,0.00607439885526218,0.00089275709274006,0.000122453801107425
"1.27",1,1,1,0.955668801386097,0.816533168932308,0.583485349097761,0.0064251728438558,0.000951719868536482,0.000131386234388242
"1.28",1,1,1,0.961236390174232,0.832108522208359,0.60609846486954,0.00679460474409399,0.00101439457617447,0.000140951622194296
"1.29",1,1,1,0.966231020914334,0.846838836327578,0.628412245322624,0.00718357100652678,0.00108099953247609,0.000151193010103023
"1.3",1,1,1,0.970692796170771,0.860716965891741,0.650354074861759,0.00759298121935381,0.00115176466123934,0.000162156206224395
"1.31",1,1,1,0.97466169236467,0.873742165429986,0.671854604221036,0.0080237788269647,0.0012269320161441,0.000173889944235617
"1.32",1,1,1,0.978177129032556,0.885919776833734,0.69284844391275,0.00847694182747682,0.0013067563202791,0.000186446054858735
"1.33",1,1,1,0.981277588937029,0.897260844619252,0.71327479775637,0.0089534834460947,0.00139150552230527,0.000199879646126555
"1.34",1,1,1,0.984000291161071,0.907781669421842,0.733078025684212,0.00945445278097545,0.00148146136921989,0.000214249292784796
"1.35",1,1,1,0.986380917912069,0.917503310988214,0.752208126564949,0.00998093541813827,0.00157691999563725,0.000229617235186996
"1.36",1,1,1,0.988453394472647,0.926451052467657,0.770621133556377,0.0105340540118144,0.0016781925294469,0.000246049588043085
"1.37",1,1,1,0.990249720591045,0.934653838007631,0.788279416444799,0.0111149688264961,0.00178560571365249,0.000263616559386892
"1.38",1,1,1,0.991799850624459,0.942143695544874,0.805151887492059,0.011724878236809,0.00189950254412918,0.000282392680133081
"1.39",1,1,1,0.993131618947348,0.948955156269772,0.821214109433577,0.0123650191812023,0.0020202429229742,0.00030245704459364
"1.4",1,1,1,0.994270706518234,0.955124681558306,0.83644830638888,0.013036667565327,0.00214820432705121,0.000323893562331423
"1.41",1,1,1,0.995240644061639,0.960690107249081,0.850843280500037,0.0137411386108578,0.00228378249125516,0.000346791221724096
"1.42",1,1,1,0.99606284705852,0.965690114034891,0.864394239044707,0.0144797871454005,0.00242739210594412,0.000371244365613643
"1.43",1,1,1,0.996756677636259,0.970163731484831,0.877102538527066,0.0152540078290313,0.00257946752790117,0.000397352979417454
"1.44",1,1,1,0.997339528490951,0.974149881861719,0.888975353785357,0.0160652353129179,0.00274046350409751,0.000425222992069374
"1.45",1,1,1,0.997826924140726,0.977686968498131,0.900025281432441,0.0169149443253991,0.00291085590744089,0.000454966590159978
"1.46",1,1,1,0.998232635077582,0.980812512088165,0.910269887937438,0.0178046496808232,0.00309114248358922,0.000486702545635542
"1.47",1,1,1,0.99856880073442,0.9835628368834,0.919731213345101,0.0187359062063969,0.0032818436078117,0.000520556557410012
"1.48",1,1,1,0.998846057591746,0.985972807487605,0.928435242008056,0.019710308582253,0.00348350305077183,0.000556661607233999
"1.49",1,1,1,0.99907366919377,0.988075615757354,0.936411351779123,0.0207294910899186,0.00369668875199625,0.000595158330154111
"1.5",1,1,1,0.999259655307224,0.989902616259779,0.943691752890052,0.0217951272643564,0.00392199359967893,0.00063619539988069
"1.51",1,1,1,0.999410917921146,0.991483207832687,0.950310927251567,0.022908929444762,0.00416003621535155,0.000679929929369605
"1.52",1,1,1,0.999533362237581,0.992844758047555,0.956305078177649,0.0240726482193251,0.00441146174182694,0.000726527886902639
"1.53",1,1,1,0.999632011229955,0.99401256679744,0.961711599600812,0.0252880717592084,0.0046769426326988,0.000776164527932499
"1.54",1,1,1,0.999711112738772,0.99500986481822,0.966568572745263,0.0265570250370691,0.00495717944155016,0.000829024842933568
"1.55",1,1,1,0.999774238426858,0.995857842696325,0.970914297004864,0.0278813689255341,0.0052529016088888,0.000885304021476685
"1.56",1,1,1,0.999824374224836,0.996575705807734,0.974786860476952,0.0292629991711543,0.00556486824469449,0.00094520793271291
"1.57",1,1,1,0.999864002160133,0.997180750656958,0.978223754274959,0.0307038452395012,0.00589386890432497,0.00100895362242404
"1.58",1,1,1,0.999895173679787,0.997688458223218,0.981261533423747,0.0322058690272284,0.00624072435538536,0.00107676982675875
"1.59",1,1,1,0.999919574750455,0.998112600155127,0.983935525869213,0.0337710634371089,0.00660628733302626,0.0011488975027375
"1.6",1,1,1,0.999938583151185,0.998465353964944,0.986279589941091,0.0354014508122749,0.00699144328099177,0.00122559037556591
"1.61",1,1,1,0.999953318469642,0.998757423739166,0.988325919522241,0.0370990812261258,0.00739711107559404,0.00130711550275131
"1.62",1,1,1,0.99996468537477,0.998998163284944,0.99010489522054,0.0388660306246399,0.00782424372965063,0.00139375385496854
"1.63",1,1,1,0.999973410773183,0.999195699054126,0.99164497902577,0.0407043988181235,0.0082738290732719,0.00148580091356609
"1.64",1,1,1,0.999980075467408,0.999357050613067,0.992972649272412,0.0426163073197597,0.00874689040825016,0.00158356728455034
"1.65",1,1,1,0.999985140926112,0.999488246843303,0.994112372223035,0.0446038970286686,0.00924448713265491,0.00168737932882068
"1.66",1,1,1,0.999988971753831,0.999594436454854,0.995086606233219,0.0466693257555821,0.0097677153321063,0.0017975798083647
"1.67",1,1,1,0.999991854414393,0.999679991761639,0.995915834250633,0.0488147655896494,0.0103177083340591,0.00191452854805552
"1.68",1,1,1,0.99999401272146,0.999748605001153,0.996618620326504,0.0510424001053266,0.0108956372213027,0.00203860311261461
"1.69",1,1,1,0.999995620564474,0.99980337677408,0.997211685863065,0.0533544214087859,0.0115027113007534,0.00217019949823005
"1.7",1,1,1,0.999996812291056,0.999846896432001,0.997710001469067,0.0557530270237709,0.0121401785234967,0.00230973283823643
"1.71",1,1,1,0.999997691119526,0.999881314452472,0.998126890529187,0.0582404166173596,0.0128093258519228,0.00245763812217326
"1.72",1,1,1,0.999998335909229,0.999908407011727,0.998474140893926,0.0608187885666471,0.0135114795696929,0.00261437092745109
"1.73",1,1,1,0.999998806572792,0.999929633098395,0.998762121446187,0.0634903363679458,0.014248005530176,0.0027804081627566
"1.74",1,1,1,0.999999148374034,0.999946184610116,0.998999900681997,0.0662572448907007,0.0150203093389075,0.00295624882222811
"1.75",1,1,1,0.999999395318545,0.999959029942506,0.999195364840007,0.0691216864789547,0.0158298364655449,0.00314241474932908
"1.76",1,1,1,0.999999572811023,0.999968951620653,0.999355333513403,0.0720858169038407,0.0166780722807275,0.00333945140923753
"1.77",1,1,1,0.999999699724447,0.999976578541355,0.999485671066753,0.0751517711712565,0.0175665420131972,0.00354792866845866
"1.78",1,1,1,0.999999790000888,0.999982413393812,0.999591392549274,0.0783216591895622,0.0184968106224954,0.00376844158024647
"1.79",1,1,1,0.999999853882055,0.999986855811215,0.99967676313744,0.0815975613028495,0.0194704825825294,0.00400161117430642
"1.8",1,1,1,0.999999898849179,0.999990221779389,0.999745390448291,0.0849815236960418,0.0204892015712891,0.0042480852491189
"1.81",1,1,1,0.999999930336347,0.999992759794332,0.999800309336792,0.0884755536788278,0.0215546500620085,0.00450853916510308
"1.82",1,1,1,0.999999952268472,0.999994664221093,0.999844059024433,0.0920816148561528,0.0226685488110906,0.00478367663670387
"1.83",1,1,1,0.999999967464458,0.999996086264169,0.999878752601867,0.0958016221937464,0.0238326562381592,0.00507423052135403
"1.84",1,1,1,0.999999977937446,0.999997142916438,0.999906139106841,0.0996374369879014,0.0250487676936706,0.00538096360312712
"1.85",1,1,1,0.999999985117014,0.999997924211017,0.99992765850229,0.103590861749469,0.0263187146096027,0.00570466936875658
"1.86",1,1,1,0.9999999900126,0.999998499059616,0.999944489971028,0.107663635012766,0.0276443635288509,0.00604617277355857
"1.87",1,1,1,0.999999993332937,0.999998919922559,0.999957594006536,0.111857426080827,0.0290276150090925,0.00640633099465227
"1.88",1,1,1,0.999999995572811,0.999999226520392,0.999967748817604,0.11617382971914,0.0304704023970359,0.00678603416873069
"1.89",1,1,1,0.999999997075682,0.99999944876505,0.999975581581818,0.120614360810728,0.0319746904691584,0.00718620611149223
"1.9",1,1,1,0.999999998078607,0.999999609060114,0.999981595082912,0.12518044898608,0.033542473935235,0.00760780501569969
"1.91",1,1,1,0.999999998744275,0.99999972409466,0.99998619025334,0.129873433242145,0.0351757758012052,0.00805182412469319
"1.92",1,1,1,0.999999999183696,0.999999806233491,0.999989685119343,0.134694556565175,0.0368766455881728,0.00851929237804427
"1.93",1,1,1,0.999999999472188,0.9999998645879,0.99999233061429,0.139644960572839,0.0386471574046306,0.00901127502589849
"1.94",1,1,1,0.999999999660554,0.999999905835303,0.999994323689581,0.144725680191568,0.0404894078693148,0.00952887420842152
"1.95",1,1,1,0.999999999782872,0.999999934842796,0.999995818113226,0.149937638385616,0.0424055138824309,0.0100732294966326
"1.96",1,1,1,0.999999999861864,0.999999955138654,0.999996933305992,0.155281640954788,0.0443976102433739,0.0106455183907805
"1.97",1,1,1,0.999999999912594,0.999999969266669,0.999997761525217,0.160758371418203,0.0464678471134548,0.011246956772302
"1.98",1,1,1,0.999999999944995,0.999999979050849,0.999998373668125,0.166368386001854,0.0486183873225775,0.0118787993052798
"1.99",1,1,1,0.999999999965574,0.999999985791942,0.999998823930358,0.172112108747991,0.0508514035192636,0.0125423397832201
"2",1,1,1,0.999999999978571,0.999999990412473,0.99999915352221,0.177989826764655,0.0531690751639001,0.0132389114168608
"2.01",1,1,1,0.999999999986735,0.999999993563137,0.999999393614804,0.184001685633829,0.0555735853655972,0.01396988705864
"2.02",1,1,1,0.999999999991834,0.999999995700381,0.999999567661402,0.19014768499681,0.0580671175635727,0.0147366793593673
"2.03",1,1,1,0.999999999995001,0.999999997142634,0.999999693215231,0.19642767433545,0.0606518520545396,0.0155407408525804
"2.04",1,1,1,0.999999999996956,0.999999998110815,0.999999783344371,0.202841348967863,0.0633299623681501,0.0163835639620039
"2.05",1,1,1,0.999999999998157,0.999999998757353,0.999999847726386,0.209388246277109,0.0661036114931611,0.0172666809274927
"2.06",1,1,1,0.999999999998891,0.999999999186835,0.999999893490098,0.21606774219115,0.068974947957598,0.0181916636448078
"2.07",1,1,1,0.999999999999336,0.99999999947063,0.999999925859042,0.222879047932121,0.0719461017668458,0.0191601234145641
"2.08",1,1,1,0.999999999999605,0.999999999657167,0.999999948640409,0.229821207052587,0.0750191802042561,0.0201737105956874
"2.09",1,1,1,0.999999999999766,0.999999999779128,0.999999964594363,0.236893092776029,0.0781962634995227,0.0212341141587462
"2.1",1,1,1,0.999999999999862,0.999999999858444,0.999999975711362,0.244093405658251,0.0814794003707806,0.0223430611345565
"2.11",1,1,1,0.999999999999919,0.999999999909753,0.999999983419171,0.251420671585805,0.0848706034470679,0.0235023159535189
"2.12",1,1,1,0.999999999999953,0.999999999942766,0.999999988736478,0.258873240126827,0.0883718445785049,0.0247136796712319
"2.13",1,1,1,0.999999999999973,0.999999999963894,0.999999992386234,0.26644928324886,0.0919850500422456,0.0259789890760164
"2.14",1,1,1,0.999999999999984,0.999999999977343,0.999999994878762,0.274146794417411,0.0957120956529763,0.0273001156741216
"2.15",1,1,1,0.999999999999991,0.999999999985858,0.999999996572377,0.28196358808799,0.0995548017874415,0.028678964548519
"2.16",1,1,1,0.999999999999995,0.999999999991219,0.999999997717312,0.289897299603345,0.103514928333183,0.0301174730873688
"2.17",1,1,1,0.999999999999997,0.999999999994578,0.999999998487386,0.29794538550652,0.107594169572378,0.0316176095784356
"2.18",1,1,1,0.999999999999998,0.999999999996669,0.999999999002689,0.306105124279108,0.111794149012347,0.0331813716659538
"2.19",1,1,1,0.999999999999999,0.999999999997965,0.999999999345745,0.314373617512852,0.116116414174966,0.034810784666684
"2.2",1,1,1,0.999999999999999,0.999999999998763,0.999999999572958,0.322747791521365,0.120562431357887,0.0365078997421856
"2.21",1,1,1,1,0.999999999999253,0.999999999722672,0.331224399397374,0.125133580381074,0.0382747919246191
"2.22",1,1,1,1,0.999999999999551,0.999999999820812,0.339800023519386,0.129831149332784,0.0401135579937298
"2.23",1,1,1,1,0.999999999999731,0.999999999884811,0.348471078510181,0.134656329329682,0.0420263142030081
"2.24",1,1,1,1,0.99999999999984,0.99999999992633,0.357233814647972,0.139610209306329,0.044015193853415
"2.25",1,1,1,1,0.999999999999906,0.999999999953125,0.366084321729421,0.144693770849747,0.04608234471346
"2.26",1,1,1,1,0.999999999999944,0.999999999970327,0.375018533382119,0.149907883095267,0.0482299262848584
"2.27",1,1,1,1,0.999999999999967,0.999999999981313,0.384032231822382,0.155253297700234,0.0504601069134575
"2.28",1,1,1,1,0.999999999999981,0.999999999988292,0.393121053052607,0.160730643912516,0.0527750607456072
"2.29",1,1,1,1,0.999999999999989,0.999999999992703,0.402280492490637,0.166340423751073,0.0551769645306619
"2.3",1,1,1,1,0.999999999999994,0.999999999995476,0.411505911021943,0.172083007316081,0.0576679942708411
"2.31",1,1,1,1,0.999999999999996,0.999999999997209,0.420792541463664,0.177958628246281,0.0602503217202304
"2.32",1,1,1,1,0.999999999999998,0.999999999998288,0.430135495427887,0.183967379341374,0.0629261107352922
"2.33",1,1,1,1,0.999999999999999,0.999999999998955,0.439529770569853,0.190109208367298,0.0656975134798518
"2.34",1,1,1,1,0.999999999999999,0.999999999999366,0.448970258205102,0.196383914062226,0.0685666664881471
"2.35",1,1,1,1,1,0.999999999999617,0.458451751278031,0.202791142361051,0.0715356865901715
"2.36",1,1,1,1,1,0.99999999999977,0.467968952662675,0.209330382855906,0.0746066667041848
"2.37",1,1,1,1,1,0.999999999999862,0.477516483775096,0.216000965510086,0.0777816715019374
"2.38",1,1,1,1,1,0.999999999999918,0.487088893475266,0.222802057642373,0.0810627329528284
"2.39",1,1,1,1,1,0.999999999999952,0.496680667234991,0.229732661198392,0.084451845753903
"2.4",1,1,1,1,1,0.999999999999972,0.506286236547087,0.236791610325113,0.0879509626532762
"2.41",1,1,1,1,1,0.999999999999983,0.515899988549871,0.243977569264105,0.0915619896752756
"2.42",1,1,1,1,1,0.99999999999999,0.525516275839849,0.251289030578416,0.0952867812562748
"2.43",1,1,1,1,1,0.999999999999994,0.535129426444536,0.258724313727333,0.0991271353008784
"2.44",1,1,1,1,1,0.999999999999997,0.544733753926425,0.266281564002374,0.103084788168814
"2.45",1,1,1,1,1,0.999999999999998,0.554323567588275,0.273958751837044,0.107161409603531
"2.46",1,1,1,1,1,0.999999999999999,0.563893182749354,0.281753672501885,0.11135859761419
"2.47",1,1,1,1,1,0.999999999999999,0.573436931061596,0.289663946195335,0.115677873323352
"2.48",1,1,1,1,1,1,0.58294917083431,0.297687018539788,0.12012067579329
"2.49",1,1,1,1,1,1,0.592424297335757,0.305820161491078,0.124688356844458
"2.5",1,1,1,1,1,1,0.601856753039779,0.314060474668328,0.12938217588019
"2.51",1,1,1,1,1,1,0.61124103778571,0.32240488710989,0.13420329473228
"2.52",1,1,1,1,1,1,0.620571718819809,0.330850159459574,0.139152772542512
"2.53",1,1,1,1,1,1,0.62984344068688,0.339392886586157,0.144231560695779
"2.54",1,1,1,1,1,1,0.639050934941052,0.348029500637487,0.149440497820714
"2.55",1,1,1,1,1,1,0.648189029645291,0.356756274529174,0.154780304874244
"2.56",1,1,1,1,1,1,0.657252658629895,0.365569325866164,0.160251580326696
"2.57",1,1,1,1,1,1,0.666236870481035,0.374464621294062,0.165854795464411
"2.58",1,1,1,1,1,1,0.67513683723139,0.383437981275361,0.171590289826982
"2.59",1,1,1,1,1,1,0.683947862725967,0.392485085284217,0.177458266796408
"2.6",1,1,1,1,1,1,0.692665390637433,0.401601477411739,0.183458789355506
"2.61",1,1,1,1,1,1,0.701285012106548,0.410782572372198,0.189591776032951
"2.62",1,1,1,1,1,1,0.70980247298484,0.420023661898891,0.195856997052257
"2.63",1,1,1,1,1,1,0.718213680657985,0.429319921516898,0.202254070701874
"2.64",1,1,1,1,1,1,0.726514710430209,0.438666417678336,0.208782459943394
"2.65",1,1,1,1,1,1,0.734701811451582,0.448058115244166,0.215441469274533
"2.66",1,1,1,1,1,1,0.74277141217191,0.457489885295236,0.222230241863293
"2.67",1,1,1,1,1,1,0.750720125306794,0.466956513253658,0.22914775696917
"2.68",1,1,1,1,1,1,0.758544752303377,0.476452707294286,0.236192827666852
"2.69",1,1,1,1,1,1,0.76624228729515,0.485973107024799,0.243364098887219
"2.7",1,1,1,1,1,1,0.77380992053734,0.495512292411549,0.250660045789814
"2.71",1,1,1,1,1,1,0.781245041316345,0.505064792927165,0.258078972480177
"2.72",1,1,1,1,1,1,0.788545240328711,0.514625096894943,0.265619011084701
"2.73",1,1,1,1,1,1,0.795708311527323,0.524187661003852,0.273278121194645
"2.74",1,1,1,1,1,1,0.802732253434389,0.533746919967265,0.281054089690111
"2.75",1,1,1,1,1,1,0.809615269922947,0.543297296297645,0.288944530953653
"2.76",1,1,1,1,1,1,0.816355770470596,0.552833210168737,0.296946887482149
"2.77",1,1,1,1,1,1,0.822952369891137,0.562349089336247,0.305058430904339
"2.78",1,1,1,1,1,1,0.82940388755175,0.571839379087594,0.313276263410288
"2.79",1,1,1,1,1,1,0.835709346085235,0.58129855219085,0.321597319597632
"2.8",1,1,1,1,1,1,0.841867969608636,0.590721118812944,0.330018368738238
"2.81",1,1,1,1,1,1,0.847879181461325,0.600101636377012,0.338536017467464
"2.82",1,1,1,1,1,1,0.853742601477306,0.609434719328835,0.347146712896793
"2.83",1,1,1,1,1,1,0.859458042808073,0.618715048782559,0.355846746149112
"2.84",1,1,1,1,1,1,0.865025508313794,0.627937382016043,0.364632256314541
"2.85",1,1,1,1,1,1,0.870445186542071,0.63709656178684,0.373499234823
"2.86",1,1,1,1,1,1,0.87571744731469,0.646187525440139,0.382443530228355
"2.87",1,1,1,1,1,1,0.880842836944016,0.655205313780831,0.391460853397345
"2.88",1,1,1,1,1,1,0.885822073101708,0.664145079682675,0.400546783094928
"2.89",1,1,1,1,1,1,0.89065603936332,0.673002096408357,0.40969677195621
"2.9",1,1,1,1,1,1,0.895345779453205,0.681771765615395,0.418906152833543
"2.91",1,1,1,1,1,1,0.899892491214776,0.690449625023942,0.428170145505858
"2.92",1,1,1,1,1,1,0.904297520331743,0.699031355723813,0.437483863735816
"2.93",1,1,1,1,1,1,0.908562353826326,0.707512789099387,0.446842322658972
"2.94",1,1,1,1,1,1,0.912688613360812,0.715889913352581,0.45624044648757
"2.95",1,1,1,1,1,1,0.916678048368872,0.724158879605449,0.465673076510497
"2.96",1,1,1,1,1,1,0.920532529043221,0.732316007565816,0.47513497936927
"2.97",1,1,1,1,1,1,0.924254039206022,0.740357790740817,0.484620855588993
"2.98",1,1,1,1,1,1,0.927844669088257,0.748280901185049,0.494125348341936
"2.99",1,1,1,1,1,1,0.931306608044022,0.756082193771894,0.503643052420181
"3",1,1,1,1,1,1,0.934642137225181,0.763758709978279,0.513168523392997
"3.01",1,1,1,1,1,1,0.937853622241377,0.771307681175156,0.522696286923446
"3.02",1,1,1,1,1,1,0.940943505829658,0.7787265314177,0.532220848218153
"3.03",1,1,1,1,1,1,0.943914300557346,0.786012879731383,0.541736701583142
"3.04",1,1,1,1,1,1,0.946768581580887,0.793164541891712,0.551238340058331
"3.05",1,1,1,1,1,1,0.949508979482528,0.80017953169757,0.560720265102559
"3.06",1,1,1,1,1,1,0.952138173205735,0.80705606173986,0.570176996300629
"3.07",1,1,1,1,1,1,0.954658883109157,0.813792543669042,0.579603081063792
"3.08",1,1,1,1,1,1,0.957073864157876,0.820387587967041,0.588993104294579
"3.09",1,1,1,1,1,1,0.959385899269542,0.826840003230758,0.598341697987174
"3.1",1,1,1,1,1,1,0.961597792831729,0.833148794976159,0.607643550734404
"3.11",1,1,1,1,1,1,0.963712364405683,0.839313163973629,0.616893417112706
"3.12",1,1,1,1,1,1,0.965732442630308,0.845332504126872,0.626086126916706
"3.13",1,1,1,1,1,1,0.967660859338989,0.851206399909213,0.635216594215595
"3.14",1,1,1,1,1,1,0.969500443900522,0.856934623372569,0.644279826203873
"3.15",1,1,1,1,1,1,0.971254017794124,0.862517130745801,0.653270931819953
"3.16",1,1,1,1,1,1,0.972924389427188,0.867954058640362,0.662185130106653
"3.17",1,1,1,1,1,1,0.974514349203152,0.873245719882403,0.671017758288776
"3.18",1,1,1,1,1,1,0.976026664845559,0.878392598991536,0.679764279543767
"3.19",1,1,1,1,1,1,0.977464076983119,0.883395347327448,0.688420290442769
"3.2",1,1,1,1,1,1,0.978829294999367,0.888254777926396,0.69698152804043
"3.21",1,1,1,1,1,1,0.980124993149278,0.892971860050367,0.705443876593222
"3.22",1,1,1,1,1,1,0.981353806944055,0.897547713472345,0.713803373887504
"3.23",1,1,1,1,1,1,0.982518329804179,0.901983602521592,0.72205621715985
"3.24",1,1,1,1,1,1,0.983621109979718,0.906280929913276,0.730198768593856
"3.25",1,1,1,1,1,1,0.984664647735881,0.910441230387058,0.738227560379228
"3.26",1,1,1,1,1,1,0.985651392800838,0.91446616417942,0.746139299320585
"3.27",1,1,1,1,1,1,0.986583742071879,0.918357510354534,0.753930870985154
"3.28",1,1,1,1,1,1,0.987464037575161,0.922117160018444,0.761599343380237
"3.29",1,1,1,1,1,1,0.988294564673496,0.925747109441161,0.769141970153245
"3.3",1,1,1,1,1,1,0.989077550515875,0.929249453110953,0.776556193308712
"3.31",1,1,1,1,1,1,0.98981516272179,0.932626376744781,0.78383964543867
"3.32",1,1,1,1,1,1,0.990509508292783,0.935880150278329,0.790990151464529
"3.33",1,1,1,1,1,1,0.991162632743148,0.9390131208585,0.798005729890401
"3.34",1,1,1,1,1,1,0.991776519441205,0.942027705860618,0.804884593569664
"3.35",1,1,1,1,1,1,0.992353089152173,0.944926385951794,0.811625149988249
"3.36",1,1,1,1,1,1,0.992894199773336,0.94771169822115,0.818226001069995
"3.37",1,1,1,1,1,1,0.993401646251888,0.95038622939666,0.82468594251099
"3.38",1,1,1,1,1,1,0.993877160675639,0.952952609167447,0.831003962651575
"3.39",1,1,1,1,1,1,0.994322412526589,0.955413503629374,0.837179240896229
"3.4",1,1,1,1,1,1,0.994739009087284,0.957771608870684,0.843211145693087
"3.41",1,1,1,1,1,1,0.995128495989789,0.960029644713372,0.849099232086338
"3.42",1,1,1,1,1,1,0.995492357897137,0.962190348624837,0.854843238856098
"3.43",1,1,1,1,1,1,0.995832019307145,0.964256469813193,0.860443085261677
"3.44",1,1,1,1,1,1,0.996148845468573,0.966230763518436,0.865898867405365
"3.45",1,1,1,1,1,1,0.996444143399758,0.96811598551047,0.871210854234982
"3.46",1,1,1,1,1,1,0.996719162999994,0.969914886803808,0.876379483204449
"3.47",1,1,1,1,1,1,0.996975098244185,0.971630208597506,0.881405355612589
"3.48",1,1,1,1,1,1,0.997213088451481,0.973264677447763,0.886289231641137
"3.49",1,1,1,1,1,1,0.997434219618948,0.974821000679349,0.891032025113688
"3.5",1,1,1,1,1,1,0.997639525811545,0.976301862040926,0.895634797997895
"3.51",1,1,1,1,1,1,0.997829990600074,0.977709917608107,0.900098754673712
"3.52",1,1,1,1,1,1,0.998006548539062,0.979047791937032,0.904425235990891
"3.53",1,1,1,1,1,1,0.998170086676899,0.980318074470116,0.908615713139176
"3.54",1,1,1,1,1,1,0.998321446090964,0.98152331619458,0.912671781354826
"3.55",1,1,1,1,1,1,0.998461423440792,0.982666026553361,0.916595153487142
"3.56",1,1,1,1,1,1,0.998590772532782,0.983748670607037,0.920387653448647
"3.57",1,1,1,1,1,1,0.998710205890309,0.984773666444475,0.924051209572368
"3.58",1,1,1,1,1,1,0.99882039632352,0.985743382839034,0.927587847899476
"3.59",1,1,1,1,1,1,0.998921978493469,0.986660137146358,0.930999685420148
"3.6",1,1,1,1,1,1,0.999015550465676,0.98752619343901,0.934288923290097
"3.61",1,1,1,1,1,1,0.999101675248568,0.988343760872515,0.937457840044675
"3.62",1,1,1,1,1,1,0.999180882312641,0.989114992276705,0.940508784831858
"3.63",1,1,1,1,1,1,0.999253669086587,0.989841982965702,0.943444170684732
"3.64",1,1,1,1,1,1,0.999320502426977,0.990526769759325,0.946266467853312
"3.65",1,1,1,1,1,1,0.999381820058466,0.991171330208232,0.948978197214755
"3.66",1,1,1,1,1,1,0.99943803198183,0.991777582014719,0.951581923780087
"3.67",1,1,1,1,1,1,0.999489521847479,0.992347382640721,0.954080250314659
"3.68",1,1,1,1,1,1,0.999536648292415,0.992882529094265,0.956475811088547
"3.69",1,1,1,1,1,1,0.999579746238916,0.993384757885409,0.958771265772094
"3.7",1,1,1,1,1,1,0.999619128153508,0.99385574514247,0.96096929349071
"3.71",1,1,1,1,1,1,0.999655085265073,0.994297106879255,0.963072587051984
"3.72",1,1,1,1,1,1,0.999687888741198,0.994710399403881,0.965083847357025
"3.73",1,1,1,1,1,1,0.999717790822128,0.995097119859775,0.967005778006842
"3.74",1,1,1,1,1,1,0.999745025911878,0.995458706889419,0.968841080113422
"3.75",1,1,1,1,1,1,0.999769811626322,0.995796541411478,0.970592447324043
"3.76",1,1,1,1,1,1,0.999792349798232,0.99611194750203,0.972262561066211
"3.77",1,1,1,1,1,1,0.999812827439438,0.996406193370768,0.973854086019496
"3.78",1,1,1,1,1,1,0.99983141766044,0.996680492423172,0.975369665819417
"3.79",1,1,1,1,1,1,0.999848280547959,0.996936004399891,0.976811918997448
"3.8",1,1,1,1,1,1,0.999863564001032,0.997173836584765,0.978183435160148
"3.81",1,1,1,1,1,1,0.999877404526398,0.997395045073198,0.979486771409363
"3.82",1,1,1,1,1,1,0.999889927994004,0.997600636092838,0.980724449004471
"3.83",1,1,1,1,1,1,0.999901250353579,0.997791567368859,0.981898950266647
"3.84",1,1,1,1,1,1,0.999911478313268,0.997968749526407,0.983012715724219
"3.85",1,1,1,1,1,1,0.999920709981438,0.998133047523142,0.984068141497278
"3.86",1,1,1,1,1,1,0.999929035472761,0.998285282105121,0.985067576918894
"3.87",1,1,1,1,1,1,0.999936537479784,0.99842623127963,0.986013322389489
"3.88",1,1,1,1,1,1,0.999943291811197,0.998556631798939,0.986907627460162
"3.89",1,1,1,1,1,1,0.999949367898041,0.998677180649286,0.987752689140122
"3.9",1,1,1,1,1,1,0.999954829269134,0.998788536539805,0.988550650422698
"3.91",1,1,1,1,1,1,0.999959733996976,0.99889132138644,0.989303599023852
"3.92",1,1,1,1,1,1,0.999964135115424,0.998986121786264,0.990013566326602
"3.93",1,1,1,1,1,1,0.99996808101041,0.999073490477998,0.990682526524257
"3.94",1,1,1,1,1,1,0.99997161578496,0.999153947784845,0.991312395954995
"3.95",1,1,1,1,1,1,0.999974779599774,0.999227983036135,0.991905032619932
"3.96",1,1,1,1,1,1,0.999977608990601,0.999296055964605,0.992462235876532
"3.97",1,1,1,1,1,1,0.999980137163599,0.999358598076452,0.992985746298945
"3.98",1,1,1,1,1,1,0.99998239426989,0.999416013991651,0.993477245696684
"3.99",1,1,1,1,1,1,0.999984407660428,0.999468682752303,0.993938357282868
"4",1,1,1,1,1,1,0.999986202122323,0.999516959097098,0.994370645983169
