phenotype_id,variant_id,start_distance,af,ma_samples,ma_count,pval_g,b_g,b_g_se,pval_i,b_i,b_i_se,pval_gi,b_gi,b_gi_se,FDR,interaction_var,pair_id
ENSG00000110455.13,chr11:44066439:G:T,513,0.11764705926179886,16,16,0.00403746244049263,0.47392135858535767,0.15656349062919617,0.6830606805515985,-0.17918841540813446,0.4360976815223694,0.8259626598582278,0.1612863689661026,0.7293428182601929,0.9999999508657396,hb,ENSG00000110455.13_chr11:44066439:G:T
ENSG00000166268.10,chr12:69711278:C:T,-114027,0.10294117778539658,14,14,0.00562918113387613,1.1865655183792114,0.4084656536579132,0.03917160140068323,2.6944212913513184,1.269194483757019,0.4096544428567799,1.6490652561187744,1.9818235635757449,0.9999999508657396,hb,ENSG00000166268.10_chr12:69711278:C:T
ENSG00000259683.1,chr15:84592552:C:T,202822,0.30882352590560913,37,42,0.00882682779615089,1.335885524749756,0.48841527104377747,0.4227261790798677,1.931840181350708,2.3881759643554688,0.549279262638293,1.1120017766952517,1.843230128288269,0.9999999508657396,hb,ENSG00000259683.1_chr15:84592552:C:T
ENSG00000214425.7,chr17:45910839:A:G,360503,0.31617647409439087,37,43,8.092777744349882e-11,-2.4648008346557617,0.2940002679824829,0.5480814587334241,-0.7984668016433716,1.319545865058899,0.5372555227365863,0.872105598449707,1.402938961982727,0.9999999508657396,hb,ENSG00000214425.7_chr17:45910839:A:G
ENSG00000264070.1,chr17:45910839:A:G,324967,0.31617647409439087,37,43,1.161237598090382e-5,-1.3739680051803589,0.2794393301010132,0.5113304522401809,-0.8301645517349243,1.25419282913208,0.20354167790555744,1.719989776611328,1.3334556818008425,0.9999999508657396,hb,ENSG00000264070.1_chr17:45910839:A:G
ENSG00000204650.13,chr17:45868952:T:C,248623,0.30882352590560913,37,42,8.511502198231885e-4,0.19206957519054413,0.05381336063146591,0.7980968077570981,-0.0571068525314331,0.22194893658161163,0.7526334112931685,0.07581128180027008,0.23910778760910031,0.9999999508657396,hb,ENSG00000204650.13_chr17:45868952:T:C
ENSG00000214401.4,chr17:46278268:C:A,84691,0.27941176295280457,33,38,1.1222277291154814e-6,1.4119869470596311,0.25185877084732056,0.6286033148233074,0.4958684742450714,1.0183066129684448,0.8951652688504403,0.14600306749343872,1.101894497871399,0.9999999508657396,hb,ENSG00000214401.4_chr17:46278268:C:A
ENSG00000120071.12,chr17:46278268:C:A,52893,0.27941176295280457,33,38,1.1888612275873026e-4,0.2814541757106781,0.06691838055849075,0.2916475098792351,0.2886246144771576,0.270562082529068,0.8133051480540046,-0.06954015791416168,0.29277122020721436,0.9999999508657396,hb,ENSG00000120071.12_chr17:46278268:C:A
ENSG00000114904.12,chr3:52550699:A:G,-220251,0.419117659330368,50,57,5.1140767349495674e-5,-0.2109631896018982,0.04721930995583534,0.199933593147767,-0.3325498700141907,0.2557242810726166,0.17368420258055312,0.31541886925697327,0.2282540798187256,0.9999999508657396,hb,ENSG00000114904.12_chr3:52550699:A:G
ENSG00000226314.7,chr6:28558878:A:C,397096,0.24264706671237943,28,33,0.00533901984394942,0.27378103137016296,0.0936146005988121,0.1418854073553579,-0.8636879324913025,0.5779281854629517,0.2525386507935071,0.44033998250961304,0.3800131380558014,0.9999999508657396,hb,ENSG00000226314.7_chr6:28558878:A:C
ENSG00000216901.1,chr6:28207375:G:T,31186,0.3602941334247589,40,49,9.354265157185614e-6,1.433902144432068,0.2878475487232208,0.5865153986064376,-0.9761902689933776,1.7821993827819824,0.6888505903041752,-0.4503583014011383,1.117648720741272,0.9999999508657396,hb,ENSG00000216901.1_chr6:28207375:G:T
ENSG00000230795.3,chr6:29861474:A:C,-64986,0.25,27,34,0.0116161022026155,-0.7543623447418213,0.28698328137397766,0.7726677514768219,0.4740784168243408,1.6314098834991455,0.0218208880496466,-2.4970622062683105,1.0517888069152832,0.9879419678923284,hb,ENSG00000230795.3_chr6:29861474:A:C
ENSG00000137411.16,chr6:30932650:T:G,24407,0.7205882668495178,34,38,2.157035948039303e-7,0.28364962339401245,0.04661235213279724,0.4257270963797832,0.3043192923069,0.3786668479442597,0.23780069354958297,-0.24725860357284543,0.20672696828842163,0.9999999508657396,hb,ENSG00000137411.16_chr6:30932650:T:G
ENSG00000237742.6,chr6:125720018:C:T,-29173,0.44117647409439087,42,60,0.00309983254194067,0.4273633360862732,0.13687482476234436,0.20265506252524135,-1.1835167407989502,0.9157134294509888,0.8508123216408645,0.10337499529123306,0.5465422868728638,0.9999999508657396,hb,ENSG00000237742.6_chr6:125720018:C:T
ENSG00000110455.13,chr11:44066439:G:T,513,0.11764705926179886,16,16,0.05404266871186961,0.5728436708450317,0.28974053263664246,0.0811810815843958,0.9756028056144714,0.5471606254577637,0.9110373288470008,-0.05745913833379745,0.5114446878433228,0.9981118810227856,thal,ENSG00000110455.13_chr11:44066439:G:T
ENSG00000166268.10,chr12:69711278:C:T,-114027,0.10294117778539658,14,14,0.01567707745112807,2.341235637664795,0.9329793453216552,0.11432927418155384,-2.4661896228790283,1.5321835279464722,0.34631518762721814,-1.5015299320220947,1.5780383348464966,0.9716229315605124,thal,ENSG00000166268.10_chr12:69711278:C:T
ENSG00000259683.1,chr15:84592552:C:T,202822,0.30882352590560913,37,42,7.828317923317776e-5,3.9552061557769775,0.9121221899986268,0.3111215709897902,2.5928804874420166,2.531745672225952,0.00747494910449987,-4.787068843841553,1.7105579376220703,0.7777489050034497,thal,ENSG00000259683.1_chr15:84592552:C:T
ENSG00000214425.7,chr17:45910839:A:G,360503,0.31617647409439087,37,43,0.02041011644502823,-1.5376218557357788,0.6401925086975098,0.6334442886774385,0.7424952983856201,1.546601414680481,0.20653260888700548,-1.4554846286773682,1.1360013484954834,0.9515377379422778,thal,ENSG00000214425.7_chr17:45910839:A:G
ENSG00000264070.1,chr17:45910839:A:G,324967,0.31617647409439087,37,43,0.9889829634900588,-0.00801414251327514,0.5772420763969421,0.01559381664354642,3.502433061599731,1.3945232629776,0.0587647901792025,-1.9851750135421753,1.0242977142333984,0.8947176853480828,thal,ENSG00000264070.1_chr17:45910839:A:G
ENSG00000204650.13,chr17:45868952:T:C,248623,0.30882352590560913,37,42,0.00482380522263201,0.3292010426521301,0.11114204674959184,0.13073442096964327,0.39026883244514465,0.253639280796051,0.26219873153352063,-0.23464109003543857,0.2067075222730637,0.9607623058412684,thal,ENSG00000204650.13_chr17:45868952:T:C
ENSG00000214401.4,chr17:46278268:C:A,84691,0.27941176295280457,33,38,0.01393046220261593,1.3501828908920288,0.5280861258506775,0.620809310238848,-0.5939279794692993,1.1924643516540527,0.856621021359214,0.17415215075016022,0.958490550518036,0.9967181302010116,thal,ENSG00000214401.4_chr17:46278268:C:A
ENSG00000120071.12,chr17:46278268:C:A,52893,0.27941176295280457,33,38,0.1950813831966443,0.1793394237756729,0.13639642298221588,0.0604668216576229,-0.5927925109863281,0.3079949617385864,0.49292695554009247,0.1711103320121765,0.2475631684064865,0.9819957548925462,thal,ENSG00000120071.12_chr17:46278268:C:A
ENSG00000114904.12,chr3:52550699:A:G,-220251,0.419117659330368,50,57,0.3599376606659599,-0.09896454215049744,0.10702115297317503,0.14753077413070426,0.3701935410499573,0.2513001263141632,0.5745622233982358,-0.11137291043996812,0.19698743522167209,0.9860832011161368,thal,ENSG00000114904.12_chr3:52550699:A:G
ENSG00000226314.7,chr6:28558878:A:C,397096,0.24264706671237943,28,33,0.02622506074531546,0.467765748500824,0.20364877581596377,0.8640089583810948,0.09773194789886476,0.5674363970756531,0.5318768916592105,-0.2336094081401825,0.3708677589893341,0.9840498794297592,thal,ENSG00000226314.7_chr6:28558878:A:C
ENSG00000216901.1,chr6:28207375:G:T,31186,0.3602941334247589,40,49,0.06590803611490552,0.9931008219718932,0.5271514058113098,0.804522412397316,-0.4435039758682251,1.7816354036331177,0.5313741138472413,0.6228967905044556,0.9876669049263,0.984011923482386,thal,ENSG00000216901.1_chr6:28207375:G:T
ENSG00000230795.3,chr6:29861474:A:C,-64986,0.25,27,34,0.0130002771750817,-1.7461737394332886,0.6757094264030457,0.16593735872751603,-2.5063326358795166,1.7804250717163086,0.49012735553015185,0.8443386554718018,1.2136831283569336,0.9817473125684744,thal,ENSG00000230795.3_chr6:29861474:A:C
ENSG00000137411.16,chr6:30932650:T:G,24407,0.7205882668495178,34,38,0.04254736876518039,0.23167692124843595,0.11106005311012268,0.6206341445481834,0.22422678768634796,0.44996708631515503,0.9182031216992632,0.02024492621421814,0.19605207443237305,0.9982590221621848,thal,ENSG00000137411.16_chr6:30932650:T:G
ENSG00000237742.6,chr6:125720018:C:T,-29173,0.44117647409439087,42,60,0.10389666471431784,0.4902266263961792,0.2954748868942261,0.9492895764626852,-0.07164138555526733,1.120325803756714,0.93968965001867,-0.03861865401268005,0.5076418519020081,0.9987812629775092,thal,ENSG00000237742.6_chr6:125720018:C:T
