phenotype_id,variant_id,start_distance,af,ma_samples,ma_count,pval_g,b_g,b_g_se,pval_i,b_i,b_i_se,pval_gi,b_gi,b_gi_se,FDR
ENSG00000188375.4,chr12:32059969:G:T,267727,0.11029411852359772,14,15,2.0664338528104782e-4,1.2908589839935303,0.31960806250572205,0.8449873163868782,-0.16690194606781006,0.8487281799316406,2.258838712423703e-8,-12.670591354370117,1.8723758459091187,0.01856237957674725
ENSG00000188375.4,chr12:32060677:C:T,268435,0.11029411852359772,14,15,2.0664338528104782e-4,1.2908589839935303,0.31960806250572205,0.8449873163868782,-0.16690194606781006,0.8487281799316406,2.258838712423703e-8,-12.670591354370117,1.8723758459091187,0.01856237957674725
ENSG00000188375.4,chr12:32064360:G:A,272118,0.08088235557079315,11,11,1.5567494973509715e-5,1.4705228805541992,0.30373746156692505,0.9174760553511124,0.08308780193328857,0.7974108457565308,5.570553065050131e-10,-13.748458862304688,1.749832272529602,0.0019078365524454121
ENSG00000188375.4,chr12:32065218:T:C,272976,0.10294117778539658,13,14,2.433604876826061e-6,1.3924314975738525,0.25803548097610474,0.9652639820360586,0.035669781267642975,0.8145280480384827,1.3364190318829148e-9,-12.715625762939453,1.673651099205017,0.0019078365524454121
ENSG00000188375.4,chr12:32067806:A:T,275564,0.08088235557079315,11,11,1.5567494973509715e-5,1.4705228805541992,0.30373746156692505,0.9174760553511124,0.08308780193328857,0.7974108457565308,5.570553065050131e-10,-13.748458862304688,1.749832272529602,0.0019078365524454121
ENSG00000188375.4,chr12:32068366:G:C,276124,0.08088235557079315,11,11,1.5567494973509715e-5,1.4705228805541992,0.30373746156692505,0.9174760553511124,0.08308780193328857,0.7974108457565308,5.570553065050131e-10,-13.748458862304688,1.749832272529602,0.0019078365524454121
ENSG00000188375.4,chr12:32069712:C:T,277470,0.08088235557079315,11,11,1.5567494973509715e-5,1.4705228805541992,0.30373746156692505,0.9174760553511124,0.08308780193328857,0.7974108457565308,5.570553065050131e-10,-13.748458862304688,1.749832272529602,0.0019078365524454121
ENSG00000188375.4,chr12:32072613:G:A,280371,0.08088235557079315,11,11,1.5567494973509715e-5,1.4705228805541992,0.30373746156692505,0.9174760553511124,0.08308780193328857,0.7974108457565308,5.570553065050131e-10,-13.748458862304688,1.749832272529602,0.0019078365524454121
ENSG00000188375.4,chr12:32073281:G:T,281039,0.08088235557079315,11,11,1.5567494973509715e-5,1.4705228805541992,0.30373746156692505,0.9174760553511124,0.08308780193328857,0.7974108457565308,5.570553065050131e-10,-13.748458862304688,1.749832272529602,0.0019078365524454121
ENSG00000188375.4,chr12:32074216:C:T,281974,0.08088235557079315,11,11,1.5567494973509715e-5,1.4705228805541992,0.30373746156692505,0.9174760553511124,0.08308780193328857,0.7974108457565308,5.570553065050131e-10,-13.748458862304688,1.749832272529602,0.0019078365524454121
ENSG00000188375.4,chr12:32077540:T:C,285298,0.08088235557079315,11,11,1.5567494973509715e-5,1.4705228805541992,0.30373746156692505,0.9174760553511124,0.08308780193328857,0.7974108457565308,5.570553065050131e-10,-13.748458862304688,1.749832272529602,0.0019078365524454121
ENSG00000188375.4,chr12:32084074:G:A,291832,0.10294117778539658,13,14,2.433604876826061e-6,1.3924314975738525,0.25803548097610474,0.9652639820360586,0.035669781267642975,0.8145280480384827,1.3364190318829148e-9,-12.715625762939453,1.673651099205017,0.0019078365524454121
ENSG00000188375.4,chr12:32084418:G:A,292176,0.10294117778539658,13,14,2.433604876826061e-6,1.3924314975738525,0.25803548097610474,0.9652639820360586,0.035669781267642975,0.8145280480384827,1.3364190318829148e-9,-12.715625762939453,1.673651099205017,0.0019078365524454121
ENSG00000188375.4,chr12:32089317:T:C,297075,0.13970588147640228,18,19,1.5831301973432598e-4,1.1218467950820923,0.2720377743244171,0.7177880525651998,0.3164237439632416,0.8700221180915833,2.8961492581048348e-8,-9.9323577880859375,1.4836593866348267,0.0227868358129561
ENSG00000240399.1,chr12:48530147:C:A,474555,0.06617647409439087,9,9,6.57295386645621e-7,2.4535512924194336,0.4243486821651459,0.7020900841112636,0.28593939542770386,0.7428017854690552,1.5993441209470314e-9,-14.773904800415039,1.958245873451233,0.0019078365524454121
ENSG00000240399.1,chr12:48535832:T:C,480240,0.06617647409439087,9,9,6.57295386645621e-7,2.4535512924194336,0.4243486821651459,0.7020900841112636,0.28593939542770386,0.7428017854690552,1.5993441209470314e-9,-14.773904800415039,1.958245873451233,0.0019078365524454121
ENSG00000240399.1,chr12:48535920:A:G,480328,0.06617647409439087,9,9,6.57295386645621e-7,2.4535512924194336,0.4243486821651459,0.7020900841112636,0.28593939542770386,0.7428017854690552,1.5993441209470314e-9,-14.773904800415039,1.958245873451233,0.0019078365524454121
ENSG00000240399.1,chr12:48539343:C:T,483751,0.06617647409439087,9,9,6.57295386645621e-7,2.4535512924194336,0.4243486821651459,0.7020900841112636,0.28593939542770386,0.7428017854690552,1.5993441209470314e-9,-14.773904800415039,1.958245873451233,0.0019078365524454121
ENSG00000240399.1,chr12:48540330:G:A,484738,0.06617647409439087,9,9,6.57295386645621e-7,2.4535512924194336,0.4243486821651459,0.7020900841112636,0.28593939542770386,0.7428017854690552,1.5993441209470314e-9,-14.773904800415039,1.958245873451233,0.0019078365524454121
ENSG00000240399.1,chr12:48540465:C:T,484873,0.06617647409439087,9,9,6.57295386645621e-7,2.4535512924194336,0.4243486821651459,0.7020900841112636,0.28593939542770386,0.7428017854690552,1.5993441209470314e-9,-14.773904800415039,1.958245873451233,0.0019078365524454121
ENSG00000240399.1,chr12:48540596:GCAGGCCAC:G,485004,0.06617647409439087,9,9,6.57295386645621e-7,2.4535512924194336,0.4243486821651459,0.7020900841112636,0.28593939542770386,0.7428017854690552,1.5993441209470314e-9,-14.773904800415039,1.958245873451233,0.0019078365524454121
ENSG00000240399.1,chr12:48540690:A:G,485098,0.06617647409439087,9,9,6.57295386645621e-7,2.4535512924194336,0.4243486821651459,0.7020900841112636,0.28593939542770386,0.7428017854690552,1.5993441209470314e-9,-14.773904800415039,1.958245873451233,0.0019078365524454121
ENSG00000240399.1,chr12:48542507:G:A,486915,0.06617647409439087,9,9,6.57295386645621e-7,2.4535512924194336,0.4243486821651459,0.7020900841112636,0.28593939542770386,0.7428017854690552,1.5993441209470314e-9,-14.773904800415039,1.958245873451233,0.0019078365524454121
ENSG00000240399.1,chr12:48542993:C:T,487401,0.06617647409439087,9,9,6.57295386645621e-7,2.4535512924194336,0.4243486821651459,0.7020900841112636,0.28593939542770386,0.7428017854690552,1.5993441209470314e-9,-14.773904800415039,1.958245873451233,0.0019078365524454121
ENSG00000240399.1,chr12:48543499:T:C,487907,0.06617647409439087,9,9,6.57295386645621e-7,2.4535512924194336,0.4243486821651459,0.7020900841112636,0.28593939542770386,0.7428017854690552,1.5993441209470314e-9,-14.773904800415039,1.958245873451233,0.0019078365524454121
ENSG00000240399.1,chr12:48543893:A:C,488301,0.06617647409439087,9,9,6.57295386645621e-7,2.4535512924194336,0.4243486821651459,0.7020900841112636,0.28593939542770386,0.7428017854690552,1.5993441209470314e-9,-14.773904800415039,1.958245873451233,0.0019078365524454121
ENSG00000240399.1,chr12:48544442:G:A,488850,0.06617647409439087,9,9,6.57295386645621e-7,2.4535512924194336,0.4243486821651459,0.7020900841112636,0.28593939542770386,0.7428017854690552,1.5993441209470314e-9,-14.773904800415039,1.958245873451233,0.0019078365524454121
ENSG00000240399.1,chr12:48544850:G:T,489258,0.06617647409439087,9,9,6.57295386645621e-7,2.4535512924194336,0.4243486821651459,0.7020900841112636,0.28593939542770386,0.7428017854690552,1.5993441209470314e-9,-14.773904800415039,1.958245873451233,0.0019078365524454121
ENSG00000240399.1,chr12:48545647:T:C,490055,0.06617647409439087,9,9,6.57295386645621e-7,2.4535512924194336,0.4243486821651459,0.7020900841112636,0.28593939542770386,0.7428017854690552,1.5993441209470314e-9,-14.773904800415039,1.958245873451233,0.0019078365524454121
ENSG00000240399.1,chr12:48547729:T:C,492137,0.06617647409439087,9,9,6.57295386645621e-7,2.4535512924194336,0.4243486821651459,0.7020900841112636,0.28593939542770386,0.7428017854690552,1.5993441209470314e-9,-14.773904800415039,1.958245873451233,0.0019078365524454121
ENSG00000240399.1,chr12:48550473:G:A,494881,0.06617647409439087,9,9,6.57295386645621e-7,2.4535512924194336,0.4243486821651459,0.7020900841112636,0.28593939542770386,0.7428017854690552,1.5993441209470314e-9,-14.773904800415039,1.958245873451233,0.0019078365524454121
ENSG00000240399.1,chr12:48550911:C:T,495319,0.06617647409439087,9,9,6.57295386645621e-7,2.4535512924194336,0.4243486821651459,0.7020900841112636,0.28593939542770386,0.7428017854690552,1.5993441209470314e-9,-14.773904800415039,1.958245873451233,0.0019078365524454121
ENSG00000240399.1,chr12:48552296:A:T,496704,0.06617647409439087,9,9,6.57295386645621e-7,2.4535512924194336,0.4243486821651459,0.7020900841112636,0.28593939542770386,0.7428017854690552,1.5993441209470314e-9,-14.773904800415039,1.958245873451233,0.0019078365524454121
ENSG00000240399.1,chr12:48554717:T:C,499125,0.06617647409439087,9,9,6.57295386645621e-7,2.4535512924194336,0.4243486821651459,0.7020900841112636,0.28593939542770386,0.7428017854690552,1.5993441209470314e-9,-14.773904800415039,1.958245873451233,0.0019078365524454121
ENSG00000238500.1,chr13:66677568:T:A,46791,0.07352941483259201,10,10,6.632320655579125e-4,1.4969874620437622,0.4092077910900116,0.4384153537605002,0.7094452381134033,0.907429039478302,2.3683658508629798e-8,-12.488714218139648,1.849280834197998,0.01903934044240451
ENSG00000259088.1,chr14:102070216:A:G,259894,0.09558823704719543,11,13,5.912098435723689e-6,1.9804309606552124,0.38586825132369995,0.8183930608876877,-0.22067208588123322,0.9554573893547058,1.1606891681171982e-8,-14.27204418182373,2.0500292778015137,0.010468706294360143
ENSG00000259088.1,chr14:102105066:T:G,294744,0.0882352963089943,10,12,9.037271392009224e-6,1.9353662729263306,0.3866611123085022,0.7917432466802934,-0.2528708577156067,0.9519940614700317,1.128654982227212e-8,-14.215286254882812,2.039476156234741,0.010434271971507833
ENSG00000268798.1,chr19:1308058:C:T,-132782,0.10294117778539658,14,14,7.418669726173847e-5,1.1054019927978516,0.2533954977989197,0.27818672256032223,0.842090368270874,0.7671604156494141,5.018754586471239e-9,-10.163727760314941,1.4101226329803467,0.00488397355474675
ENSG00000239570.1,chr3:150817120:G:C,-452321,0.08088235557079315,11,11,4.782638187100074e-7,1.7520921230316162,0.2982203960418701,0.046856668146812074,1.377810001373291,0.6741533279418945,1.2770914260537317e-8,-8.418362617492676,1.2140880823135376,0.010982835389075015
ENSG00000239570.1,chr3:150818657:C:CCTT,-450784,0.08088235557079315,11,11,4.782638187100074e-7,1.7520921230316162,0.2982203960418701,0.046856668146812074,1.377810001373291,0.6741533279418945,1.2770914260537317e-8,-8.418362617492676,1.2140880823135376,0.010982835389075015
ENSG00000250343.1,chr5:147691461:T:C,456601,0.15441176295280457,17,21,0.01141887522689645,0.6406407952308655,0.24287398159503937,0.0027860896348445964,-2.8093948364257812,0.8878368735313416,1.0701180506642696e-8,-14.024057388305664,2.0075488090515137,0.010146774844511527
ENSG00000230521.1,chr6:30111299:G:T,223030,0.05882352963089943,8,8,2.1243818907746684e-5,2.9873430728912354,0.6292948722839355,0.4388869386944044,0.8803160786628723,1.1271528005599976,4.799210770712851e-9,-20.198820114135742,2.79729962348938,0.004796550710861884
ENSG00000230521.1,chr6:30112454:G:A,224185,0.05882352963089943,8,8,2.1243818907746684e-5,2.9873430728912354,0.6292948722839355,0.4388869386944044,0.8803160786628723,1.1271528005599976,4.799210770712851e-9,-20.198820114135742,2.79729962348938,0.004796550710861884
ENSG00000230521.1,chr6:30121352:A:T,233083,0.05882352963089943,8,8,2.1243818907746684e-5,2.9873430728912354,0.6292948722839355,0.4388869386944044,0.8803160786628723,1.1271528005599976,4.799210770712851e-9,-20.198820114135742,2.79729962348938,0.004796550710861884
ENSG00000230521.1,chr6:30144846:G:A,256577,0.05882352963089943,8,8,2.1243818907746684e-5,2.9873430728912354,0.6292948722839355,0.4388869386944044,0.8803160786628723,1.1271528005599976,4.799210770712851e-9,-20.198820114135742,2.79729962348938,0.004796550710861884
ENSG00000230521.1,chr6:30146702:T:C,258433,0.05882352963089943,8,8,2.1243818907746684e-5,2.9873430728912354,0.6292948722839355,0.4388869386944044,0.8803160786628723,1.1271528005599976,4.799210770712851e-9,-20.198820114135742,2.79729962348938,0.004796550710861884
ENSG00000230521.1,chr6:30149447:C:T,261178,0.05882352963089943,8,8,2.1243818907746684e-5,2.9873430728912354,0.6292948722839355,0.4388869386944044,0.8803160786628723,1.1271528005599976,4.799210770712851e-9,-20.198820114135742,2.79729962348938,0.004796550710861884
